unit_id,sentences,code,coder1,coder2,coder3,coder4,coder5,dataset,document_id
B1592_1,2-3,mpos,high concreteness,intermediate concreteness,high concreteness,intermediate concreteness,intermediate concreteness,CD_B,B1592
B1592_2,4-4,premise,intermediate concreteness,high concreteness,high concreteness,high concreteness,high concreteness,CD_B,B1592
B1593_1,1-1,mpos,low concreteness,low concreteness,intermediate concreteness,intermediate concreteness,intermediate concreteness,CD_B,B1593
B1593_2,2-2,premise,high concreteness,high concreteness,high concreteness,high concreteness,high concreteness,CD_B,B1593
B1593_3,2-2,mpos,high concreteness,high concreteness,high concreteness,high concreteness,intermediate concreteness,CD_B,B1593
B1594_1,1-1,mpos,low concreteness,intermediate concreteness,high concreteness,intermediate concreteness,low concreteness,CD_B,B1594
B1594_2,2-3,mpos,intermediate concreteness,high concreteness,intermediate concreteness,high concreteness,high concreteness,CD_B,B1594
B1594_3,4-4,mpos,intermediate concreteness,intermediate concreteness,intermediate concreteness,intermediate concreteness,intermediate concreteness,CD_B,B1594
B1595_1,1-1,mpos,low concreteness,intermediate concreteness,intermediate concreteness,intermediate concreteness,intermediate concreteness,CD_B,B1595
B1595_2,2-2,premise,intermediate concreteness,high concreteness,high concreteness,intermediate concreteness,intermediate concreteness,CD_B,B1595
B1596_1,1-1,premise,intermediate concreteness,intermediate concreteness,high concreteness,intermediate concreteness,intermediate concreteness,CD_B,B1596
B1596_2,2-3,mpos,high concreteness,intermediate concreteness,high concreteness,high concreteness,high concreteness,CD_B,B1596
B1596_3,4-4,premise,high concreteness,high concreteness,high concreteness,high concreteness,high concreteness,CD_B,B1596
B1597_1,1-1,premise,intermediate concreteness,low concreteness,intermediate concreteness,low concreteness,intermediate concreteness,CD_B,B1597
B1597_2,2-3,mpos,high concreteness,high concreteness,high concreteness,high concreteness,high concreteness,CD_B,B1597
B1597_3,5-5,premise,high concreteness,intermediate concreteness,high concreteness,intermediate concreteness,intermediate concreteness,CD_B,B1597
B1598_1,1-1,mpos,low concreteness,low concreteness,low concreteness,low concreteness,low concreteness,CD_B,B1598
B1598_2,2-4,mpos,low concreteness,intermediate concreteness,low concreteness,intermediate concreteness,intermediate concreteness,CD_B,B1598
B1599_1,1-1,mpos,intermediate concreteness,intermediate concreteness,intermediate concreteness,intermediate concreteness,intermediate concreteness,CD_B,B1599
B1599_2,2-3,mpos,high concreteness,high concreteness,high concreteness,high concreteness,high concreteness,CD_B,B1599
B1601_1,1-1,premise,intermediate concreteness,high concreteness,high concreteness,intermediate concreteness,intermediate concreteness,CD_B,B1601
B1601_2,2-3,premise,high concreteness,high concreteness,high concreteness,high concreteness,high concreteness,CD_B,B1601
B1601_3,4-4,mpos,high concreteness,intermediate concreteness,high concreteness,high concreteness,intermediate concreteness,CD_B,B1601
B1602_1,1-1,mpos,intermediate concreteness,intermediate concreteness,intermediate concreteness,intermediate concreteness,high concreteness,CD_B,B1602
B1602_2,2-3,mpos,high concreteness,high concreteness,high concreteness,high concreteness,high concreteness,CD_B,B1602
B1602_3,4-4,premise,high concreteness,high concreteness,high concreteness,high concreteness,high concreteness,CD_B,B1602
B1603_1,1-1,mpos,intermediate concreteness,high concreteness,high concreteness,intermediate concreteness,intermediate concreteness,CD_B,B1603
B1603_2,2-2,premise,intermediate concreteness,low concreteness,low concreteness,intermediate concreteness,intermediate concreteness,CD_B,B1603
B1604_1,1-1,mpos,low concreteness,high concreteness,intermediate concreteness,intermediate concreteness,intermediate concreteness,CD_B,B1604
B1604_2,2-2,premise,low concreteness,low concreteness,low concreteness,intermediate concreteness,intermediate concreteness,CD_B,B1604
B1605_1,1-1,premise,low concreteness,intermediate concreteness,intermediate concreteness,intermediate concreteness,intermediate concreteness,CD_B,B1605
B1605_2,2-4,mpos,high concreteness,high concreteness,high concreteness,high concreteness,high concreteness,CD_B,B1605
B1605_3,4-4,premise,high concreteness,intermediate concreteness,high concreteness,high concreteness,high concreteness,CD_B,B1605
B1606_1,1-1,premise,low concreteness,intermediate concreteness,high concreteness,high concreteness,intermediate concreteness,CD_B,B1606
B1606_2,2-4,mpos,high concreteness,intermediate concreteness,high concreteness,high concreteness,high concreteness,CD_B,B1606
B1606_3,5-5,premise,high concreteness,high concreteness,high concreteness,high concreteness,high concreteness,CD_B,B1606
B1607_1,1-1,premise,intermediate concreteness,low concreteness,intermediate concreteness,low concreteness,intermediate concreteness,CD_B,B1607
B1607_2,2-4,mpos,high concreteness,high concreteness,high concreteness,high concreteness,high concreteness,CD_B,B1607
B1607_3,5-5,premise,high concreteness,low concreteness,intermediate concreteness,intermediate concreteness,intermediate concreteness,CD_B,B1607
B1608_1,1-1,premise,intermediate concreteness,high concreteness,high concreteness,intermediate concreteness,high concreteness,CD_B,B1608
B1608_2,2-4,premise,high concreteness,high concreteness,high concreteness,high concreteness,high concreteness,CD_B,B1608
B1608_3,5-6,mpos,high concreteness,high concreteness,intermediate concreteness,high concreteness,intermediate concreteness,CD_B,B1608
B1608_4,6-6,premise,high concreteness,low concreteness,high concreteness,high concreteness,high concreteness,CD_B,B1608
B1609_1,1-1,mpos,low concreteness,low concreteness,intermediate concreteness,intermediate concreteness,low concreteness,CD_B,B1609
B1609_2,2-4,mpos,high concreteness,high concreteness,high concreteness,high concreteness,high concreteness,CD_B,B1609
B1609_3,5-5,premise,high concreteness,high concreteness,high concreteness,high concreteness,high concreteness,CD_B,B1609
B1610_1,1-1,premise,high concreteness,high concreteness,high concreteness,high concreteness,high concreteness,CD_B,B1610
B1610_2,1-1,mpos,high concreteness,high concreteness,high concreteness,intermediate concreteness,high concreteness,CD_B,B1610
B1610_3,2-2,premise,high concreteness,high concreteness,high concreteness,high concreteness,intermediate concreteness,CD_B,B1610
B1610_4,2-5,mpos,high concreteness,high concreteness,high concreteness,high concreteness,high concreteness,CD_B,B1610
B1611_1,1-1,mpos,intermediate concreteness,low concreteness,intermediate concreteness,low concreteness,intermediate concreteness,CD_B,B1611
B1611_2,2-3,mpos,high concreteness,high concreteness,high concreteness,high concreteness,high concreteness,CD_B,B1611
B1611_3,4-5,premise,high concreteness,high concreteness,high concreteness,high concreteness,intermediate concreteness,CD_B,B1611
B1611_4,7-7,premise,high concreteness,high concreteness,high concreteness,high concreteness,intermediate concreteness,CD_B,B1611
B1611_5,8-8,mpos,intermediate concreteness,high concreteness,high concreteness,intermediate concreteness,intermediate concreteness,CD_B,B1611
B1612_1,1-1,premise,high concreteness,high concreteness,high concreteness,high concreteness,high concreteness,CD_B,B1612
B1612_2,2-2,premise,high concreteness,high concreteness,high concreteness,high concreteness,high concreteness,CD_B,B1612
B1612_3,3-3,mpos,high concreteness,high concreteness,high concreteness,high concreteness,high concreteness,CD_B,B1612
B1613_1,1-1,mpos,high concreteness,high concreteness,high concreteness,high concreteness,intermediate concreteness,CD_B,B1613
B1613_2,2-2,mpos,high concreteness,high concreteness,high concreteness,high concreteness,high concreteness,CD_B,B1613
B1614_1,1-1,mpos,intermediate concreteness,intermediate concreteness,intermediate concreteness,intermediate concreteness,intermediate concreteness,CD_B,B1614
B1614_2,2-3,mpos,high concreteness,high concreteness,high concreteness,high concreteness,high concreteness,CD_B,B1614
B1614_3,4-4,premise,high concreteness,high concreteness,high concreteness,high concreteness,high concreteness,CD_B,B1614
B1615_1,1-1,mpos,intermediate concreteness,high concreteness,high concreteness,high concreteness,high concreteness,CD_B,B1615
B1615_2,3-3,premise,high concreteness,low concreteness,high concreteness,intermediate concreteness,intermediate concreteness,CD_B,B1615
B1616_1,1-1,premise,intermediate concreteness,high concreteness,high concreteness,high concreteness,high concreteness,CD_B,B1616
B1616_2,2-2,mpos,high concreteness,high concreteness,high concreteness,high concreteness,high concreteness,CD_B,B1616
B1617_1,1-1,premise,high concreteness,high concreteness,high concreteness,high concreteness,intermediate concreteness,CD_B,B1617
B1617_2,2-2,mpos,intermediate concreteness,high concreteness,high concreteness,intermediate concreteness,low concreteness,CD_B,B1617
B1617_3,4-4,mpos,high concreteness,high concreteness,high concreteness,high concreteness,intermediate concreteness,CD_B,B1617
B1618_1,1-1,mpos,intermediate concreteness,intermediate concreteness,intermediate concreteness,intermediate concreteness,intermediate concreteness,CD_B,B1618
B1618_2,2-5,mpos,high concreteness,high concreteness,high concreteness,high concreteness,high concreteness,CD_B,B1618
B1618_3,6-6,premise,high concreteness,high concreteness,high concreteness,high concreteness,high concreteness,CD_B,B1618
B1619_1,1-2,premise,high concreteness,high concreteness,high concreteness,high concreteness,high concreteness,CD_B,B1619
B1619_2,3-3,premise,high concreteness,high concreteness,high concreteness,high concreteness,high concreteness,CD_B,B1619
B1619_3,9-9,mpos,intermediate concreteness,high concreteness,intermediate concreteness,high concreteness,high concreteness,CD_B,B1619
B1619_4,10-10,premise,intermediate concreteness,high concreteness,high concreteness,high concreteness,high concreteness,CD_B,B1619
B1620_1,1-1,mpos,high concreteness,high concreteness,intermediate concreteness,high concreteness,intermediate concreteness,CD_B,B1620
B1620_2,2-2,premise,high concreteness,high concreteness,high concreteness,high concreteness,high concreteness,CD_B,B1620
B1620_3,2-2,mpos,high concreteness,high concreteness,high concreteness,high concreteness,high concreteness,CD_B,B1620
B1621_1,1-1,premise,high concreteness,high concreteness,high concreteness,high concreteness,high concreteness,CD_B,B1621
B1621_2,2-2,premise,high concreteness,high concreteness,intermediate concreteness,high concreteness,high concreteness,CD_B,B1621
B1621_3,3-3,mpos,intermediate concreteness,low concreteness,intermediate concreteness,high concreteness,intermediate concreteness,CD_B,B1621
B1622_1,1-1,premise,low concreteness,high concreteness,intermediate concreteness,intermediate concreteness,low concreteness,CD_B,B1622
B1622_2,2-2,mpos,intermediate concreteness,high concreteness,high concreteness,high concreteness,high concreteness,CD_B,B1622
B1622_3,3-3,premise,high concreteness,high concreteness,high concreteness,high concreteness,high concreteness,CD_B,B1622
B1622_4,4-4,mpos,high concreteness,high concreteness,high concreteness,high concreteness,high concreteness,CD_B,B1622
B1622_5,5-5,premise,high concreteness,high concreteness,intermediate concreteness,high concreteness,intermediate concreteness,CD_B,B1622
B1624_1,1-1,mpos,intermediate concreteness,low concreteness,low concreteness,low concreteness,low concreteness,CD_B,B1624
B1624_2,2-3,mpos,high concreteness,high concreteness,high concreteness,high concreteness,high concreteness,CD_B,B1624
B1625_1,1-1,mpos,intermediate concreteness,intermediate concreteness,intermediate concreteness,high concreteness,intermediate concreteness,CD_B,B1625
B1625_2,2-2,mpos,high concreteness,high concreteness,high concreteness,high concreteness,high concreteness,CD_B,B1625
B1626_1,1-1,mpos,low concreteness,low concreteness,intermediate concreteness,low concreteness,intermediate concreteness,CD_B,B1626
B1626_2,2-3,mpos,high concreteness,high concreteness,intermediate concreteness,intermediate concreteness,high concreteness,CD_B,B1626
B1627_1,1-1,mpos,intermediate concreteness,intermediate concreteness,intermediate concreteness,intermediate concreteness,high concreteness,CD_B,B1627
B1627_2,2-2,premise,intermediate concreteness,low concreteness,intermediate concreteness,intermediate concreteness,high concreteness,CD_B,B1627
B1627_3,2-4,mpos,intermediate concreteness,intermediate concreteness,high concreteness,high concreteness,high concreteness,CD_B,B1627
B1628_1,1-1,mpos,intermediate concreteness,intermediate concreteness,intermediate concreteness,low concreteness,intermediate concreteness,CD_B,B1628
B1628_2,3-3,premise,high concreteness,high concreteness,high concreteness,high concreteness,high concreteness,CD_B,B1628
B1629_1,1-1,premise,intermediate concreteness,intermediate concreteness,intermediate concreteness,intermediate concreteness,high concreteness,CD_B,B1629
B1629_2,2-4,mpos,high concreteness,high concreteness,high concreteness,high concreteness,high concreteness,CD_B,B1629
B1629_3,4-5,premise,high concreteness,low concreteness,high concreteness,high concreteness,high concreteness,CD_B,B1629
B1630_1,1-1,premise,low concreteness,high concreteness,high concreteness,high concreteness,intermediate concreteness,CD_B,B1630
B1630_2,2-2,mpos,intermediate concreteness,low concreteness,high concreteness,high concreteness,high concreteness,CD_B,B1630
B1630_3,3-4,premise,high concreteness,high concreteness,high concreteness,high concreteness,high concreteness,CD_B,B1630
B1630_4,4-4,mpos,high concreteness,high concreteness,high concreteness,high concreteness,high concreteness,CD_B,B1630
B1631_1,1-1,mpos,intermediate concreteness,intermediate concreteness,intermediate concreteness,high concreteness,intermediate concreteness,CD_B,B1631
B1631_2,3-3,mpos,intermediate concreteness,high concreteness,intermediate concreteness,high concreteness,high concreteness,CD_B,B1631
B1632_1,1-1,mpos,intermediate concreteness,intermediate concreteness,intermediate concreteness,intermediate concreteness,intermediate concreteness,CD_B,B1632
B1632_2,2-2,mpos,intermediate concreteness,high concreteness,high concreteness,high concreteness,high concreteness,CD_B,B1632
B1633_1,1-1,mpos,intermediate concreteness,low concreteness,intermediate concreteness,intermediate concreteness,high concreteness,CD_B,B1633
B1633_2,2-2,premise,high concreteness,low concreteness,high concreteness,intermediate concreteness,intermediate concreteness,CD_B,B1633
B1633_3,2-2,mpos,high concreteness,high concreteness,intermediate concreteness,high concreteness,high concreteness,CD_B,B1633
B1634_1,1-1,mpos,intermediate concreteness,high concreteness,intermediate concreteness,intermediate concreteness,high concreteness,CD_B,B1634
B1634_2,2-2,premise,intermediate concreteness,high concreteness,high concreteness,high concreteness,high concreteness,CD_B,B1634
B1635_1,1-1,mpos,intermediate concreteness,low concreteness,intermediate concreteness,low concreteness,intermediate concreteness,CD_B,B1635
B1635_2,3-3,mpos,intermediate concreteness,low concreteness,intermediate concreteness,low concreteness,intermediate concreteness,CD_B,B1635
B1636_1,1-1,mpos,intermediate concreteness,low concreteness,intermediate concreteness,intermediate concreteness,low concreteness,CD_B,B1636
B1636_2,2-3,mpos,high concreteness,high concreteness,high concreteness,high concreteness,high concreteness,CD_B,B1636
B1637_1,1-1,mpos,low concreteness,intermediate concreteness,intermediate concreteness,high concreteness,high concreteness,CD_B,B1637
B1637_2,2-2,mpos,low concreteness,intermediate concreteness,intermediate concreteness,high concreteness,high concreteness,CD_B,B1637
B1637_3,3-3,premise,high concreteness,high concreteness,high concreteness,high concreteness,high concreteness,CD_B,B1637
B1638_1,1-1,mpos,intermediate concreteness,high concreteness,intermediate concreteness,intermediate concreteness,intermediate concreteness,CD_B,B1638
B1638_2,2-2,mpos,high concreteness,high concreteness,high concreteness,high concreteness,high concreteness,CD_B,B1638
B1639_1,1-1,mpos,intermediate concreteness,intermediate concreteness,intermediate concreteness,low concreteness,low concreteness,CD_B,B1639
B1639_2,2-2,mpos,high concreteness,intermediate concreteness,high concreteness,high concreteness,intermediate concreteness,CD_B,B1639
B1640_1,1-1,mpos,intermediate concreteness,intermediate concreteness,intermediate concreteness,intermediate concreteness,intermediate concreteness,CD_B,B1640
B1640_2,2-2,mpos,high concreteness,intermediate concreteness,high concreteness,high concreteness,intermediate concreteness,CD_B,B1640
B1641_1,1-1,mpos,intermediate concreteness,high concreteness,high concreteness,high concreteness,high concreteness,CD_B,B1641
B1641_2,2-2,premise,high concreteness,low concreteness,high concreteness,high concreteness,intermediate concreteness,CD_B,B1641
B1641_3,2-2,mpos,high concreteness,low concreteness,intermediate concreteness,high concreteness,intermediate concreteness,CD_B,B1641
B1642_1,1-1,premise,intermediate concreteness,high concreteness,high concreteness,high concreteness,high concreteness,CD_B,B1642
B1643_1,1-1,mpos,intermediate concreteness,high concreteness,high concreteness,intermediate concreteness,intermediate concreteness,CD_B,B1643
B1643_2,2-2,premise,intermediate concreteness,high concreteness,high concreteness,high concreteness,intermediate concreteness,CD_B,B1643
B1643_3,2-2,mpos,intermediate concreteness,high concreteness,intermediate concreteness,high concreteness,intermediate concreteness,CD_B,B1643
B1644_1,1-1,mpos,intermediate concreteness,intermediate concreteness,intermediate concreteness,intermediate concreteness,low concreteness,CD_B,B1644
B1644_2,2-2,mpos,high concreteness,intermediate concreteness,intermediate concreteness,high concreteness,intermediate concreteness,CD_B,B1644
B1644_3,3-3,premise,high concreteness,intermediate concreteness,intermediate concreteness,intermediate concreteness,intermediate concreteness,CD_B,B1644
B1645_1,1-1,mpos,low concreteness,intermediate concreteness,intermediate concreteness,low concreteness,intermediate concreteness,CD_B,B1645
B1645_2,2-3,mpos,high concreteness,high concreteness,high concreteness,high concreteness,high concreteness,CD_B,B1645
B1646_1,1-1,premise,intermediate concreteness,high concreteness,intermediate concreteness,high concreteness,intermediate concreteness,CD_B,B1646
B1646_2,2-3,mpos,high concreteness,high concreteness,high concreteness,high concreteness,high concreteness,CD_B,B1646
B1646_3,4-4,premise,high concreteness,high concreteness,high concreteness,high concreteness,high concreteness,CD_B,B1646
B1647_1,1-1,premise,low concreteness,intermediate concreteness,low concreteness,intermediate concreteness,intermediate concreteness,CD_B,B1647
B1647_2,2-2,mpos,high concreteness,intermediate concreteness,high concreteness,high concreteness,intermediate concreteness,CD_B,B1647
B1647_3,3-3,premise,high concreteness,high concreteness,high concreteness,high concreteness,high concreteness,CD_B,B1647
B1648_1,1-1,premise,high concreteness,high concreteness,intermediate concreteness,high concreteness,high concreteness,CD_B,B1648
B1648_2,4-5,mpos,high concreteness,high concreteness,high concreteness,high concreteness,high concreteness,CD_B,B1648
B1648_3,6-8,premise,high concreteness,high concreteness,intermediate concreteness,high concreteness,high concreteness,CD_B,B1648
B1649_1,1-1,premise,intermediate concreteness,high concreteness,low concreteness,high concreteness,intermediate concreteness,CD_B,B1649
B1649_2,2-3,mpos,high concreteness,high concreteness,high concreteness,high concreteness,high concreteness,CD_B,B1649
B1649_3,4-4,premise,high concreteness,high concreteness,high concreteness,high concreteness,high concreteness,CD_B,B1649
B1650_1,2-4,mpos,high concreteness,high concreteness,high concreteness,high concreteness,high concreteness,CD_B,B1650
B1650_2,5-5,premise,high concreteness,high concreteness,high concreteness,high concreteness,high concreteness,CD_B,B1650
B1651_1,1-1,mpos,high concreteness,high concreteness,high concreteness,high concreteness,high concreteness,CD_B,B1651
B1651_2,2-3,mpos,high concreteness,high concreteness,high concreteness,high concreteness,high concreteness,CD_B,B1651
B1652_1,2-5,mpos,high concreteness,high concreteness,high concreteness,high concreteness,high concreteness,CD_B,B1652
B1653_1,2-2,premise,high concreteness,high concreteness,high concreteness,high concreteness,high concreteness,CD_B,B1653
B1653_2,2-2,mpos,high concreteness,low concreteness,high concreteness,intermediate concreteness,intermediate concreteness,CD_B,B1653
B1654_1,1-1,premise,intermediate concreteness,low concreteness,intermediate concreteness,intermediate concreteness,intermediate concreteness,CD_B,B1654
B1654_2,2-3,mpos,intermediate concreteness,high concreteness,intermediate concreteness,high concreteness,intermediate concreteness,CD_B,B1654
B1654_3,3-3,premise,intermediate concreteness,low concreteness,low concreteness,low concreteness,low concreteness,CD_B,B1654
B1655_1,1-1,premise,intermediate concreteness,high concreteness,high concreteness,high concreteness,high concreteness,CD_B,B1655
B1655_2,2-4,mpos,high concreteness,high concreteness,high concreteness,high concreteness,high concreteness,CD_B,B1655
B1655_3,5-5,premise,high concreteness,high concreteness,high concreteness,high concreteness,high concreteness,CD_B,B1655
B1656_1,2-2,mpos,high concreteness,high concreteness,high concreteness,high concreteness,high concreteness,CD_B,B1656
B1657_1,1-1,mpos,low concreteness,high concreteness,intermediate concreteness,intermediate concreteness,intermediate concreteness,CD_B,B1657
B1657_2,2-4,mpos,high concreteness,high concreteness,high concreteness,high concreteness,high concreteness,CD_B,B1657
B1657_3,5-6,premise,high concreteness,intermediate concreteness,high concreteness,high concreteness,high concreteness,CD_B,B1657
B1658_1,1-1,mpos,low concreteness,intermediate concreteness,low concreteness,intermediate concreteness,intermediate concreteness,CD_B,B1658
B1658_2,2-4,mpos,high concreteness,high concreteness,high concreteness,high concreteness,high concreteness,CD_B,B1658
B1659_1,1-1,premise,high concreteness,high concreteness,high concreteness,high concreteness,high concreteness,CD_B,B1659
B1659_2,2-2,premise,high concreteness,high concreteness,high concreteness,high concreteness,high concreteness,CD_B,B1659
B1659_3,3-5,mpos,high concreteness,high concreteness,high concreteness,high concreteness,high concreteness,CD_B,B1659
B1660_1,1-1,premise,low concreteness,high concreteness,low concreteness,low concreteness,low concreteness,CD_B,B1660
B1660_2,2-2,premise,high concreteness,high concreteness,high concreteness,intermediate concreteness,intermediate concreteness,CD_B,B1660
B1661_1,1-1,mpos,intermediate concreteness,high concreteness,intermediate concreteness,intermediate concreteness,intermediate concreteness,CD_B,B1661
B1661_2,2-4,mpos,high concreteness,high concreteness,intermediate concreteness,high concreteness,high concreteness,CD_B,B1661
B1662_1,1-1,mpos,low concreteness,low concreteness,low concreteness,intermediate concreteness,low concreteness,CD_B,B1662
B1662_2,2-2,mpos,low concreteness,intermediate concreteness,low concreteness,low concreteness,low concreteness,CD_B,B1662
B1662_3,3-3,premise,low concreteness,low concreteness,low concreteness,intermediate concreteness,intermediate concreteness,CD_B,B1662
B1663_1,1-1,premise,high concreteness,high concreteness,high concreteness,high concreteness,intermediate concreteness,CD_B,B1663
B1663_2,2-2,premise,high concreteness,high concreteness,high concreteness,high concreteness,intermediate concreteness,CD_B,B1663
B1664_1,1-1,mpos,intermediate concreteness,high concreteness,intermediate concreteness,low concreteness,intermediate concreteness,CD_B,B1664
B1664_2,2-4,mpos,high concreteness,high concreteness,intermediate concreteness,high concreteness,intermediate concreteness,CD_B,B1664
B1665_1,1-1,mpos,low concreteness,intermediate concreteness,low concreteness,low concreteness,low concreteness,CD_B,B1665
B1665_2,2-5,mpos,high concreteness,high concreteness,high concreteness,high concreteness,high concreteness,CD_B,B1665
B1666_1,1-1,mpos,intermediate concreteness,intermediate concreteness,intermediate concreteness,low concreteness,intermediate concreteness,CD_B,B1666
B1666_2,3-7,mpos,high concreteness,high concreteness,high concreteness,high concreteness,high concreteness,CD_B,B1666
B1666_3,9-11,mpos,high concreteness,high concreteness,high concreteness,high concreteness,high concreteness,CD_B,B1666
B1667_1,1-1,mpos,intermediate concreteness,high concreteness,intermediate concreteness,high concreteness,high concreteness,CD_B,B1667
B1667_2,2-4,mpos,high concreteness,high concreteness,high concreteness,high concreteness,high concreteness,CD_B,B1667
B1668_1,1-1,premise,intermediate concreteness,intermediate concreteness,low concreteness,intermediate concreteness,intermediate concreteness,CD_B,B1668
B1668_2,2-2,mpos,intermediate concreteness,intermediate concreteness,high concreteness,high concreteness,intermediate concreteness,CD_B,B1668
B1668_3,3-3,premise,high concreteness,high concreteness,high concreteness,high concreteness,high concreteness,CD_B,B1668
B1668_4,4-4,mpos,high concreteness,high concreteness,high concreteness,high concreteness,high concreteness,CD_B,B1668
B1668_5,5-5,premise,high concreteness,high concreteness,intermediate concreteness,high concreteness,intermediate concreteness,CD_B,B1668
B1668_6,6-8,mpos,high concreteness,high concreteness,high concreteness,high concreteness,high concreteness,CD_B,B1668
B1669_1,2-5,mpos,high concreteness,high concreteness,high concreteness,high concreteness,high concreteness,CD_B,B1669
B1669_2,4-4,premise,high concreteness,high concreteness,high concreteness,high concreteness,high concreteness,CD_B,B1669
B1670_1,1-1,mpos,low concreteness,intermediate concreteness,intermediate concreteness,low concreteness,intermediate concreteness,CD_B,B1670
B1670_2,2-3,mpos,high concreteness,high concreteness,high concreteness,high concreteness,high concreteness,CD_B,B1670
B1670_3,4-4,premise,high concreteness,high concreteness,high concreteness,high concreteness,high concreteness,CD_B,B1670
B1671_1,1-1,mpos,intermediate concreteness,intermediate concreteness,intermediate concreteness,high concreteness,high concreteness,CD_B,B1671
B1671_2,2-6,mpos,high concreteness,high concreteness,high concreteness,high concreteness,high concreteness,CD_B,B1671
B1672_1,2-4,mpos,high concreteness,high concreteness,high concreteness,high concreteness,high concreteness,CD_B,B1672
B1672_2,6-8,premise,high concreteness,high concreteness,high concreteness,high concreteness,high concreteness,CD_B,B1672
B1672_3,9-12,mpos,high concreteness,high concreteness,high concreteness,high concreteness,high concreteness,CD_B,B1672
B1672_4,13-15,premise,high concreteness,high concreteness,high concreteness,high concreteness,high concreteness,CD_B,B1672
B1672_5,16-16,mpos,high concreteness,high concreteness,high concreteness,high concreteness,high concreteness,CD_B,B1672
B1672_6,17-17,premise,intermediate concreteness,high concreteness,high concreteness,high concreteness,high concreteness,CD_B,B1672
B1672_7,18-18,mpos,intermediate concreteness,high concreteness,high concreteness,high concreteness,high concreteness,CD_B,B1672
B1673_1,1-1,mpos,intermediate concreteness,high concreteness,high concreteness,high concreteness,high concreteness,CD_B,B1673
B1673_2,2-4,mpos,high concreteness,high concreteness,high concreteness,high concreteness,high concreteness,CD_B,B1673
B1674_1,1-1,mpos,low concreteness,high concreteness,intermediate concreteness,intermediate concreteness,intermediate concreteness,CD_B,B1674
B1674_2,2-7,mpos,high concreteness,high concreteness,high concreteness,high concreteness,high concreteness,CD_B,B1674
B1674_3,8-8,premise,high concreteness,high concreteness,intermediate concreteness,high concreteness,intermediate concreteness,CD_B,B1674
B1674_4,9-10,mpos,high concreteness,high concreteness,high concreteness,high concreteness,high concreteness,CD_B,B1674
B1674_5,10-10,premise,high concreteness,low concreteness,high concreteness,intermediate concreteness,high concreteness,CD_B,B1674
B1675_1,1-1,premise,low concreteness,low concreteness,low concreteness,high concreteness,intermediate concreteness,CD_B,B1675
B1675_2,2-2,mpos,high concreteness,high concreteness,high concreteness,high concreteness,high concreteness,CD_B,B1675
B1675_3,3-3,premise,intermediate concreteness,high concreteness,high concreteness,high concreteness,intermediate concreteness,CD_B,B1675
B1676_1,1-1,premise,intermediate concreteness,high concreteness,intermediate concreteness,intermediate concreteness,high concreteness,CD_B,B1676
B1676_2,2-2,mpos,high concreteness,high concreteness,high concreteness,high concreteness,high concreteness,CD_B,B1676
B1676_3,3-3,premise,intermediate concreteness,high concreteness,high concreteness,high concreteness,high concreteness,CD_B,B1676
B1677_1,1-1,premise,low concreteness,high concreteness,intermediate concreteness,low concreteness,intermediate concreteness,CD_B,B1677
B1677_2,2-4,premise,high concreteness,high concreteness,intermediate concreteness,high concreteness,high concreteness,CD_B,B1677
B1677_3,5-7,mpos,high concreteness,high concreteness,high concreteness,high concreteness,high concreteness,CD_B,B1677
B1678_1,1-1,mpos,high concreteness,high concreteness,intermediate concreteness,high concreteness,high concreteness,CD_B,B1678
B1678_2,2-3,mpos,high concreteness,high concreteness,intermediate concreteness,high concreteness,high concreteness,CD_B,B1678
B1679_1,1-2,premise,high concreteness,high concreteness,high concreteness,high concreteness,high concreteness,CD_B,B1679
B1679_2,3-3,premise,high concreteness,low concreteness,high concreteness,high concreteness,high concreteness,CD_B,B1679
B1679_3,6-7,mpos,high concreteness,high concreteness,intermediate concreteness,high concreteness,intermediate concreteness,CD_B,B1679
B1679_4,8-9,premise,high concreteness,high concreteness,high concreteness,high concreteness,high concreteness,CD_B,B1679
B1680_1,2-3,mpos,high concreteness,high concreteness,intermediate concreteness,intermediate concreteness,high concreteness,CD_B,B1680
B1680_2,4-4,mpos,high concreteness,high concreteness,high concreteness,high concreteness,high concreteness,CD_B,B1680
B1681_1,1-1,mpos,low concreteness,intermediate concreteness,high concreteness,low concreteness,intermediate concreteness,CD_B,B1681
B1681_2,2-4,mpos,high concreteness,high concreteness,intermediate concreteness,high concreteness,high concreteness,CD_B,B1681
B1682_1,1-1,mpos,low concreteness,intermediate concreteness,intermediate concreteness,low concreteness,intermediate concreteness,CD_B,B1682
B1682_2,2-3,mpos,high concreteness,high concreteness,high concreteness,high concreteness,high concreteness,CD_B,B1682
B1682_3,4-4,premise,high concreteness,high concreteness,intermediate concreteness,intermediate concreteness,intermediate concreteness,CD_B,B1682
B1683_1,1-1,mpos,intermediate concreteness,high concreteness,intermediate concreteness,low concreteness,high concreteness,CD_B,B1683
B1683_2,2-4,mpos,high concreteness,high concreteness,high concreteness,high concreteness,high concreteness,CD_B,B1683
B1683_3,5-5,premise,high concreteness,high concreteness,high concreteness,high concreteness,intermediate concreteness,CD_B,B1683
B1684_1,2-7,mpos,high concreteness,high concreteness,intermediate concreteness,high concreteness,high concreteness,CD_B,B1684
B1684_2,8-10,premise,high concreteness,high concreteness,high concreteness,high concreteness,high concreteness,CD_B,B1684
B1685_1,2-4,mpos,high concreteness,high concreteness,intermediate concreteness,high concreteness,high concreteness,CD_B,B1685
B1686_1,1-1,mpos,low concreteness,intermediate concreteness,intermediate concreteness,intermediate concreteness,intermediate concreteness,CD_B,B1686
B1686_2,2-5,mpos,high concreteness,high concreteness,high concreteness,high concreteness,high concreteness,CD_B,B1686
B1686_3,6-6,premise,intermediate concreteness,intermediate concreteness,high concreteness,intermediate concreteness,intermediate concreteness,CD_B,B1686
B1687_1,1-1,mpos,low concreteness,low concreteness,intermediate concreteness,low concreteness,intermediate concreteness,CD_B,B1687
B1687_2,2-2,mpos,intermediate concreteness,high concreteness,intermediate concreteness,intermediate concreteness,intermediate concreteness,CD_B,B1687
B1687_3,3-3,premise,high concreteness,low concreteness,low concreteness,low concreteness,high concreteness,CD_B,B1687
B1688_1,1-1,premise,high concreteness,high concreteness,high concreteness,high concreteness,high concreteness,CD_B,B1688
B1688_2,2-4,mpos,high concreteness,high concreteness,high concreteness,high concreteness,high concreteness,CD_B,B1688
B1688_3,5-5,premise,high concreteness,high concreteness,high concreteness,high concreteness,high concreteness,CD_B,B1688
B1688_4,6-6,mpos,high concreteness,high concreteness,high concreteness,high concreteness,high concreteness,CD_B,B1688
B1689_1,1-1,mpos,intermediate concreteness,high concreteness,intermediate concreteness,high concreteness,high concreteness,CD_B,B1689
B1689_2,2-4,mpos,high concreteness,high concreteness,intermediate concreteness,high concreteness,high concreteness,CD_B,B1689
B1689_3,5-5,premise,high concreteness,high concreteness,high concreteness,high concreteness,high concreteness,CD_B,B1689
B1690_1,2-3,mpos,high concreteness,intermediate concreteness,high concreteness,high concreteness,high concreteness,CD_B,B1690
B1690_2,4-4,premise,high concreteness,high concreteness,high concreteness,high concreteness,high concreteness,CD_B,B1690
B1691_1,1-1,premise,low concreteness,high concreteness,high concreteness,intermediate concreteness,low concreteness,CD_B,B1691
B1691_2,2-5,mpos,high concreteness,high concreteness,high concreteness,high concreteness,high concreteness,CD_B,B1691
B1691_3,6-6,premise,high concreteness,high concreteness,high concreteness,high concreteness,high concreteness,CD_B,B1691
B1691_4,7-9,mpos,high concreteness,high concreteness,intermediate concreteness,high concreteness,high concreteness,CD_B,B1691
B1691_5,10-10,premise,high concreteness,intermediate concreteness,high concreteness,high concreteness,high concreteness,CD_B,B1691
B1691_6,11-13,mpos,high concreteness,high concreteness,intermediate concreteness,high concreteness,high concreteness,CD_B,B1691
B1691_7,12-12,premise,high concreteness,high concreteness,high concreteness,high concreteness,intermediate concreteness,CD_B,B1691
B1692_1,1-1,mpos,intermediate concreteness,intermediate concreteness,intermediate concreteness,intermediate concreteness,intermediate concreteness,CD_B,B1692
B1692_2,2-3,mpos,high concreteness,high concreteness,high concreteness,high concreteness,high concreteness,CD_B,B1692
B1693_1,2-5,mpos,high concreteness,high concreteness,high concreteness,high concreteness,high concreteness,CD_B,B1693
B1693_2,6-6,premise,high concreteness,high concreteness,high concreteness,high concreteness,high concreteness,CD_B,B1693
B1694_1,1-1,premise,high concreteness,high concreteness,high concreteness,high concreteness,high concreteness,CD_B,B1694
B1694_2,2-2,mpos,high concreteness,high concreteness,intermediate concreteness,high concreteness,high concreteness,CD_B,B1694
B1694_3,3-4,premise,high concreteness,high concreteness,high concreteness,high concreteness,intermediate concreteness,CD_B,B1694
B1695_1,1-1,mpos,high concreteness,high concreteness,intermediate concreteness,high concreteness,high concreteness,CD_B,B1695
B1695_2,2-3,mpos,high concreteness,high concreteness,high concreteness,high concreteness,high concreteness,CD_B,B1695
B1695_3,4-4,premise,high concreteness,high concreteness,high concreteness,high concreteness,high concreteness,CD_B,B1695
B1696_1,2-5,mpos,high concreteness,high concreteness,high concreteness,high concreteness,high concreteness,CD_B,B1696
B1696_2,6-8,premise,high concreteness,high concreteness,high concreteness,high concreteness,high concreteness,CD_B,B1696
B1697_1,1-1,premise,low concreteness,intermediate concreteness,intermediate concreteness,low concreteness,low concreteness,CD_B,B1697
B1697_2,2-4,mpos,high concreteness,high concreteness,high concreteness,high concreteness,high concreteness,CD_B,B1697
B1697_3,5-5,premise,high concreteness,intermediate concreteness,intermediate concreteness,high concreteness,high concreteness,CD_B,B1697
B1698_1,1-1,mpos,low concreteness,high concreteness,intermediate concreteness,high concreteness,intermediate concreteness,CD_B,B1698
B1698_2,2-4,premise,high concreteness,intermediate concreteness,high concreteness,high concreteness,high concreteness,CD_B,B1698
B1698_3,5-5,mpos,high concreteness,intermediate concreteness,high concreteness,high concreteness,intermediate concreteness,CD_B,B1698
B1699_1,1-1,premise,intermediate concreteness,intermediate concreteness,intermediate concreteness,intermediate concreteness,low concreteness,CD_B,B1699
B1699_2,2-3,premise,high concreteness,high concreteness,high concreteness,high concreteness,high concreteness,CD_B,B1699
B1699_3,2-2,mpos,high concreteness,low concreteness,intermediate concreteness,intermediate concreteness,low concreteness,CD_B,B1699
B1699_4,4-4,mpos,high concreteness,high concreteness,high concreteness,intermediate concreteness,intermediate concreteness,CD_B,B1699
B1699_5,5-6,premise,high concreteness,high concreteness,intermediate concreteness,high concreteness,high concreteness,CD_B,B1699
B1700_1,1-1,mpos,intermediate concreteness,intermediate concreteness,intermediate concreteness,high concreteness,high concreteness,CD_B,B1700
B1700_2,2-7,mpos,high concreteness,high concreteness,high concreteness,high concreteness,high concreteness,CD_B,B1700
B1701_1,2-2,premise,intermediate concreteness,high concreteness,high concreteness,high concreteness,intermediate concreteness,CD_B,B1701
B1701_2,3-3,mpos,high concreteness,high concreteness,high concreteness,high concreteness,high concreteness,CD_B,B1701
B1702_1,1-1,premise,low concreteness,low concreteness,low concreteness,low concreteness,low concreteness,CD_B,B1702
B1702_2,2-4,mpos,high concreteness,high concreteness,high concreteness,high concreteness,high concreteness,CD_B,B1702
B1702_3,5-5,premise,high concreteness,low concreteness,intermediate concreteness,low concreteness,intermediate concreteness,CD_B,B1702
B1702_4,6-6,mpos,high concreteness,intermediate concreteness,intermediate concreteness,intermediate concreteness,intermediate concreteness,CD_B,B1702
B1703_1,2-2,premise,intermediate concreteness,low concreteness,intermediate concreteness,low concreteness,low concreteness,CD_B,B1703
B1703_2,3-3,mpos,high concreteness,low concreteness,intermediate concreteness,low concreteness,intermediate concreteness,CD_B,B1703
B1704_1,1-1,mpos,low concreteness,low concreteness,intermediate concreteness,intermediate concreteness,high concreteness,CD_B,B1704
B1704_2,2-2,mpos,high concreteness,high concreteness,high concreteness,high concreteness,high concreteness,CD_B,B1704
B1705_1,1-1,mpos,intermediate concreteness,low concreteness,intermediate concreteness,intermediate concreteness,high concreteness,CD_B,B1705
B1705_2,2-2,mpos,high concreteness,high concreteness,high concreteness,high concreteness,high concreteness,CD_B,B1705
B1706_1,1-1,mpos,low concreteness,low concreteness,intermediate concreteness,low concreteness,low concreteness,CD_B,B1706
B1706_2,2-3,mpos,high concreteness,high concreteness,intermediate concreteness,low concreteness,high concreteness,CD_B,B1706
B1706_3,4-5,premise,high concreteness,intermediate concreteness,intermediate concreteness,low concreteness,intermediate concreteness,CD_B,B1706
B1707_1,2-5,mpos,high concreteness,high concreteness,high concreteness,high concreteness,high concreteness,CD_B,B1707
B1707_2,4-4,premise,high concreteness,high concreteness,intermediate concreteness,high concreteness,intermediate concreteness,CD_B,B1707
B1708_1,2-2,premise,high concreteness,high concreteness,high concreteness,high concreteness,high concreteness,CD_B,B1708
B1708_2,3-3,premise,high concreteness,intermediate concreteness,high concreteness,intermediate concreteness,high concreteness,CD_B,B1708
B1709_1,1-1,premise,high concreteness,low concreteness,intermediate concreteness,intermediate concreteness,high concreteness,CD_B,B1709
B1709_2,2-4,premise,high concreteness,low concreteness,intermediate concreteness,high concreteness,high concreteness,CD_B,B1709
B1709_3,3-3,mpos,high concreteness,high concreteness,intermediate concreteness,low concreteness,low concreteness,CD_B,B1709
B1710_1,1-1,premise,high concreteness,high concreteness,intermediate concreteness,intermediate concreteness,intermediate concreteness,CD_B,B1710
B1710_2,2-5,mpos,high concreteness,high concreteness,high concreteness,high concreteness,high concreteness,CD_B,B1710
B1710_3,6-6,premise,high concreteness,high concreteness,high concreteness,high concreteness,high concreteness,CD_B,B1710
B1711_1,1-1,mpos,low concreteness,low concreteness,low concreteness,low concreteness,intermediate concreteness,CD_B,B1711
B1711_2,2-2,mpos,intermediate concreteness,high concreteness,intermediate concreteness,intermediate concreteness,intermediate concreteness,CD_B,B1711
B1711_3,4-4,premise,high concreteness,high concreteness,high concreteness,intermediate concreteness,high concreteness,CD_B,B1711
B1712_1,1-1,premise,high concreteness,high concreteness,low concreteness,high concreteness,intermediate concreteness,CD_B,B1712
B1713_1,2-5,mpos,high concreteness,high concreteness,intermediate concreteness,high concreteness,high concreteness,CD_B,B1713
B1713_2,6-9,premise,high concreteness,high concreteness,intermediate concreteness,intermediate concreteness,intermediate concreteness,CD_B,B1713
B1714_1,1-1,mpos,intermediate concreteness,high concreteness,intermediate concreteness,high concreteness,intermediate concreteness,CD_B,B1714
B1714_2,2-4,mpos,high concreteness,high concreteness,high concreteness,high concreteness,high concreteness,CD_B,B1714
B1714_3,5-6,premise,high concreteness,high concreteness,high concreteness,high concreteness,high concreteness,CD_B,B1714
B1714_4,7-7,mpos,high concreteness,high concreteness,intermediate concreteness,high concreteness,high concreteness,CD_B,B1714
B1715_1,1-1,mpos,low concreteness,low concreteness,low concreteness,low concreteness,intermediate concreteness,CD_B,B1715
B1715_2,2-4,mpos,high concreteness,high concreteness,intermediate concreteness,intermediate concreteness,high concreteness,CD_B,B1715
B1715_3,5-6,premise,high concreteness,high concreteness,high concreteness,high concreteness,high concreteness,CD_B,B1715
B1716_1,1-1,premise,intermediate concreteness,low concreteness,low concreteness,low concreteness,intermediate concreteness,CD_B,B1716
B1716_2,3-5,premise,high concreteness,high concreteness,intermediate concreteness,high concreteness,high concreteness,CD_B,B1716
B1716_3,6-7,mpos,high concreteness,high concreteness,high concreteness,high concreteness,high concreteness,CD_B,B1716
B1716_4,8-9,premise,high concreteness,low concreteness,intermediate concreteness,high concreteness,high concreteness,CD_B,B1716
B1717_1,1-1,mpos,intermediate concreteness,high concreteness,intermediate concreteness,high concreteness,intermediate concreteness,CD_B,B1717
B1717_2,2-4,mpos,high concreteness,high concreteness,intermediate concreteness,high concreteness,high concreteness,CD_B,B1717
B1718_1,2-2,mpos,high concreteness,high concreteness,high concreteness,high concreteness,high concreteness,CD_B,B1718
B1718_2,3-3,premise,high concreteness,high concreteness,high concreteness,high concreteness,high concreteness,CD_B,B1718
B1719_1,1-1,mpos,low concreteness,intermediate concreteness,intermediate concreteness,intermediate concreteness,intermediate concreteness,CD_B,B1719
B1719_2,2-4,mpos,high concreteness,high concreteness,high concreteness,high concreteness,high concreteness,CD_B,B1719
B1719_3,5-5,premise,high concreteness,high concreteness,high concreteness,high concreteness,high concreteness,CD_B,B1719
B1720_1,1-1,mpos,low concreteness,high concreteness,intermediate concreteness,low concreteness,intermediate concreteness,CD_B,B1720
B1720_2,2-7,mpos,high concreteness,high concreteness,high concreteness,high concreteness,high concreteness,CD_B,B1720
B1720_3,8-8,premise,high concreteness,high concreteness,high concreteness,high concreteness,high concreteness,CD_B,B1720
B1721_1,2-5,mpos,high concreteness,high concreteness,high concreteness,high concreteness,high concreteness,CD_B,B1721
B1722_1,1-1,premise,intermediate concreteness,low concreteness,intermediate concreteness,high concreteness,intermediate concreteness,CD_B,B1722
B1722_2,2-2,mpos,high concreteness,high concreteness,high concreteness,intermediate concreteness,high concreteness,CD_B,B1722
B1722_3,3-3,premise,high concreteness,high concreteness,high concreteness,high concreteness,high concreteness,CD_B,B1722
B1723_1,1-1,premise,intermediate concreteness,high concreteness,intermediate concreteness,intermediate concreteness,high concreteness,CD_B,B1723
B1723_2,2-2,mpos,high concreteness,high concreteness,intermediate concreteness,intermediate concreteness,high concreteness,CD_B,B1723
B1723_3,3-3,premise,high concreteness,high concreteness,high concreteness,high concreteness,high concreteness,CD_B,B1723
B1724_1,2-2,mpos,high concreteness,high concreteness,high concreteness,high concreteness,high concreteness,CD_B,B1724
B1724_2,3-3,premise,high concreteness,high concreteness,high concreteness,high concreteness,high concreteness,CD_B,B1724
B1725_1,1-1,premise,high concreteness,high concreteness,intermediate concreteness,high concreteness,high concreteness,CD_B,B1725
B1725_2,2-2,mpos,high concreteness,high concreteness,high concreteness,high concreteness,high concreteness,CD_B,B1725
B1725_3,3-3,premise,high concreteness,high concreteness,high concreteness,high concreteness,high concreteness,CD_B,B1725
B1726_1,1-1,mpos,low concreteness,low concreteness,intermediate concreteness,low concreteness,intermediate concreteness,CD_B,B1726
B1726_2,2-6,mpos,high concreteness,high concreteness,high concreteness,high concreteness,high concreteness,CD_B,B1726
B1727_1,1-1,mpos,high concreteness,intermediate concreteness,high concreteness,high concreteness,high concreteness,CD_B,B1727
B1727_2,2-4,mpos,high concreteness,high concreteness,high concreteness,high concreteness,high concreteness,CD_B,B1727
B1728_1,1-1,mpos,intermediate concreteness,intermediate concreteness,intermediate concreteness,high concreteness,high concreteness,CD_B,B1728
B1728_2,3-5,mpos,high concreteness,high concreteness,high concreteness,high concreteness,high concreteness,CD_B,B1728
B1728_3,6-6,premise,high concreteness,high concreteness,high concreteness,high concreteness,high concreteness,CD_B,B1728
B1728_4,7-9,mpos,high concreteness,high concreteness,high concreteness,high concreteness,high concreteness,CD_B,B1728
B1728_5,10-11,premise,high concreteness,high concreteness,high concreteness,high concreteness,high concreteness,CD_B,B1728
B1729_1,1-1,mpos,intermediate concreteness,intermediate concreteness,intermediate concreteness,low concreteness,low concreteness,CD_B,B1729
B1729_2,2-3,mpos,high concreteness,high concreteness,high concreteness,high concreteness,high concreteness,CD_B,B1729
B1730_1,2-7,mpos,high concreteness,high concreteness,high concreteness,high concreteness,high concreteness,CD_B,B1730
B1730_2,8-8,premise,high concreteness,high concreteness,high concreteness,high concreteness,high concreteness,CD_B,B1730
B1731_1,2-2,mpos,high concreteness,high concreteness,high concreteness,high concreteness,intermediate concreteness,CD_B,B1731
B1731_2,3-3,premise,high concreteness,high concreteness,high concreteness,high concreteness,high concreteness,CD_B,B1731
B1731_3,4-4,mpos,high concreteness,high concreteness,high concreteness,high concreteness,high concreteness,CD_B,B1731
B1732_1,1-1,premise,intermediate concreteness,high concreteness,intermediate concreteness,high concreteness,intermediate concreteness,CD_B,B1732
B1732_2,2-6,mpos,high concreteness,high concreteness,high concreteness,high concreteness,high concreteness,CD_B,B1732
B1732_3,8-8,premise,high concreteness,high concreteness,high concreteness,high concreteness,intermediate concreteness,CD_B,B1732
B1733_1,1-1,mpos,low concreteness,low concreteness,intermediate concreteness,low concreteness,intermediate concreteness,CD_B,B1733
B1733_2,2-7,mpos,high concreteness,high concreteness,high concreteness,high concreteness,high concreteness,CD_B,B1733
B1733_3,7-7,premise,high concreteness,high concreteness,high concreteness,high concreteness,high concreteness,CD_B,B1733
B1734_1,1-1,mpos,intermediate concreteness,intermediate concreteness,low concreteness,high concreteness,intermediate concreteness,CD_B,B1734
B1734_2,2-7,mpos,high concreteness,high concreteness,high concreteness,high concreteness,high concreteness,CD_B,B1734
B1734_3,8-9,premise,high concreteness,high concreteness,high concreteness,high concreteness,high concreteness,CD_B,B1734
B1734_4,10-12,mpos,high concreteness,high concreteness,high concreteness,high concreteness,high concreteness,CD_B,B1734
B1734_5,13-14,premise,high concreteness,high concreteness,high concreteness,high concreteness,high concreteness,CD_B,B1734
B1735_1,1-1,premise,intermediate concreteness,intermediate concreteness,intermediate concreteness,low concreteness,low concreteness,CD_B,B1735
B1735_2,2-2,mpos,high concreteness,high concreteness,high concreteness,high concreteness,high concreteness,CD_B,B1735
B1735_3,3-5,premise,high concreteness,high concreteness,high concreteness,high concreteness,high concreteness,CD_B,B1735
B1736_1,2-5,mpos,high concreteness,high concreteness,high concreteness,high concreteness,high concreteness,CD_B,B1736
B1737_1,1-1,mpos,low concreteness,low concreteness,low concreteness,low concreteness,low concreteness,CD_B,B1737
B1737_2,2-8,mpos,high concreteness,high concreteness,high concreteness,low concreteness,high concreteness,CD_B,B1737
B1737_3,10-10,premise,intermediate concreteness,intermediate concreteness,intermediate concreteness,intermediate concreteness,low concreteness,CD_B,B1737
B1738_1,1-1,premise,low concreteness,intermediate concreteness,low concreteness,high concreteness,intermediate concreteness,CD_B,B1738
B1738_2,2-6,mpos,high concreteness,high concreteness,high concreteness,high concreteness,high concreteness,CD_B,B1738
B1738_3,7-7,premise,intermediate concreteness,intermediate concreteness,high concreteness,high concreteness,intermediate concreteness,CD_B,B1738
B1739_1,1-1,premise,high concreteness,high concreteness,high concreteness,high concreteness,high concreteness,CD_B,B1739
B1739_2,2-2,mpos,high concreteness,high concreteness,high concreteness,high concreteness,high concreteness,CD_B,B1739
B1739_3,3-3,premise,high concreteness,high concreteness,high concreteness,high concreteness,high concreteness,CD_B,B1739
B1740_1,1-1,mpos,low concreteness,low concreteness,intermediate concreteness,intermediate concreteness,intermediate concreteness,CD_B,B1740
B1740_2,2-2,mpos,high concreteness,high concreteness,high concreteness,high concreteness,high concreteness,CD_B,B1740
B1741_1,2-3,premise,high concreteness,high concreteness,high concreteness,high concreteness,high concreteness,CD_B,B1741
B1742_1,1-1,mpos,intermediate concreteness,high concreteness,low concreteness,intermediate concreteness,intermediate concreteness,CD_B,B1742
B1742_2,2-4,mpos,high concreteness,high concreteness,high concreteness,high concreteness,high concreteness,CD_B,B1742
B1742_3,5-6,premise,intermediate concreteness,high concreteness,intermediate concreteness,high concreteness,high concreteness,CD_B,B1742
B1743_1,1-1,mpos,intermediate concreteness,intermediate concreteness,intermediate concreteness,intermediate concreteness,low concreteness,CD_B,B1743
B1743_2,2-3,mpos,high concreteness,high concreteness,high concreteness,high concreteness,high concreteness,CD_B,B1743
B1744_1,1-1,mpos,low concreteness,high concreteness,intermediate concreteness,high concreteness,low concreteness,CD_B,B1744
B1744_2,2-2,premise,intermediate concreteness,high concreteness,high concreteness,high concreteness,high concreteness,CD_B,B1744
B1744_3,3-3,mpos,high concreteness,high concreteness,intermediate concreteness,high concreteness,high concreteness,CD_B,B1744
B1744_4,4-4,premise,intermediate concreteness,high concreteness,intermediate concreteness,high concreteness,intermediate concreteness,CD_B,B1744
B1744_5,5-5,mpos,intermediate concreteness,high concreteness,intermediate concreteness,high concreteness,high concreteness,CD_B,B1744
B1745_1,1-1,mpos,low concreteness,high concreteness,intermediate concreteness,intermediate concreteness,intermediate concreteness,CD_B,B1745
B1745_2,2-4,mpos,high concreteness,high concreteness,high concreteness,high concreteness,high concreteness,CD_B,B1745
B1745_3,5-7,premise,high concreteness,high concreteness,high concreteness,high concreteness,high concreteness,CD_B,B1745
B1746_1,1-1,premise,low concreteness,low concreteness,low concreteness,low concreteness,intermediate concreteness,CD_B,B1746
B1746_2,2-2,premise,high concreteness,intermediate concreteness,high concreteness,high concreteness,high concreteness,CD_B,B1746
B1747_1,1-1,premise,intermediate concreteness,high concreteness,intermediate concreteness,intermediate concreteness,high concreteness,CD_B,B1747
B1747_2,2-2,premise,high concreteness,high concreteness,high concreteness,high concreteness,high concreteness,CD_B,B1747
B1748_1,1-1,premise,low concreteness,high concreteness,high concreteness,intermediate concreteness,intermediate concreteness,CD_B,B1748
B1748_2,2-2,premise,high concreteness,high concreteness,high concreteness,high concreteness,high concreteness,CD_B,B1748
B1748_3,2-2,mpos,high concreteness,high concreteness,high concreteness,high concreteness,high concreteness,CD_B,B1748
B1749_1,1-1,mpos,intermediate concreteness,intermediate concreteness,high concreteness,high concreteness,high concreteness,CD_B,B1749
B1749_2,2-8,mpos,high concreteness,high concreteness,high concreteness,high concreteness,high concreteness,CD_B,B1749
B1749_3,9-12,premise,high concreteness,high concreteness,high concreteness,high concreteness,high concreteness,CD_B,B1749
B1749_4,13-13,mpos,intermediate concreteness,intermediate concreteness,intermediate concreteness,intermediate concreteness,intermediate concreteness,CD_B,B1749
B1749_5,14-14,premise,high concreteness,high concreteness,intermediate concreteness,high concreteness,intermediate concreteness,CD_B,B1749
B1750_1,1-1,mpos,intermediate concreteness,high concreteness,high concreteness,high concreteness,high concreteness,CD_B,B1750
B1750_2,2-4,mpos,high concreteness,high concreteness,high concreteness,high concreteness,high concreteness,CD_B,B1750
B1750_3,5-5,premise,high concreteness,intermediate concreteness,high concreteness,high concreteness,high concreteness,CD_B,B1750
B1750_4,6-6,mpos,high concreteness,high concreteness,high concreteness,high concreteness,high concreteness,CD_B,B1750
B1751_1,1-1,mpos,low concreteness,low concreteness,low concreteness,low concreteness,low concreteness,CD_B,B1751
B1751_2,2-2,mpos,high concreteness,intermediate concreteness,intermediate concreteness,high concreteness,high concreteness,CD_B,B1751
B1751_3,3-3,premise,high concreteness,high concreteness,high concreteness,high concreteness,high concreteness,CD_B,B1751
B1752_1,1-1,mpos,intermediate concreteness,intermediate concreteness,intermediate concreteness,high concreteness,high concreteness,CD_B,B1752
B1752_2,2-3,mpos,intermediate concreteness,intermediate concreteness,high concreteness,high concreteness,high concreteness,CD_B,B1752
B1753_1,1-1,mpos,low concreteness,low concreteness,low concreteness,low concreteness,intermediate concreteness,CD_B,B1753
B1753_2,2-3,mpos,high concreteness,high concreteness,high concreteness,high concreteness,high concreteness,CD_B,B1753
B1753_3,4-4,premise,high concreteness,high concreteness,high concreteness,high concreteness,high concreteness,CD_B,B1753
B1754_1,1-1,premise,low concreteness,high concreteness,intermediate concreteness,intermediate concreteness,high concreteness,CD_B,B1754
B1754_2,2-2,mpos,high concreteness,high concreteness,high concreteness,intermediate concreteness,high concreteness,CD_B,B1754
B1754_3,3-3,premise,high concreteness,high concreteness,intermediate concreteness,intermediate concreteness,high concreteness,CD_B,B1754
B1754_4,4-5,mpos,high concreteness,high concreteness,intermediate concreteness,intermediate concreteness,high concreteness,CD_B,B1754
B1755_1,1-1,mpos,intermediate concreteness,intermediate concreteness,high concreteness,high concreteness,high concreteness,CD_B,B1755
B1755_2,2-6,mpos,high concreteness,high concreteness,high concreteness,high concreteness,high concreteness,CD_B,B1755
B1755_3,7-9,premise,high concreteness,high concreteness,high concreteness,high concreteness,high concreteness,CD_B,B1755
B1756_1,1-1,premise,low concreteness,low concreteness,low concreteness,low concreteness,low concreteness,CD_B,B1756
B1756_2,2-2,premise,low concreteness,low concreteness,low concreteness,low concreteness,intermediate concreteness,CD_B,B1756
B1756_3,4-9,premise,high concreteness,high concreteness,high concreteness,high concreteness,high concreteness,CD_B,B1756
B1757_1,1-1,mpos,low concreteness,intermediate concreteness,low concreteness,low concreteness,intermediate concreteness,CD_B,B1757
B1757_2,2-3,mpos,high concreteness,high concreteness,high concreteness,high concreteness,high concreteness,CD_B,B1757
B1758_1,2-3,mpos,high concreteness,high concreteness,intermediate concreteness,high concreteness,high concreteness,CD_B,B1758
B1758_2,4-4,premise,high concreteness,high concreteness,high concreteness,high concreteness,high concreteness,CD_B,B1758
B1758_3,5-5,mpos,high concreteness,high concreteness,high concreteness,intermediate concreteness,high concreteness,CD_B,B1758
B1758_4,7-7,mpos,low concreteness,low concreteness,intermediate concreteness,low concreteness,intermediate concreteness,CD_B,B1758
B1759_1,1-1,mpos,low concreteness,low concreteness,low concreteness,low concreteness,low concreteness,CD_B,B1759
B1759_2,2-3,mpos,intermediate concreteness,high concreteness,high concreteness,high concreteness,high concreteness,CD_B,B1759
B1760_1,1-1,premise,low concreteness,intermediate concreteness,intermediate concreteness,low concreteness,intermediate concreteness,CD_B,B1760
B1760_2,2-5,mpos,high concreteness,high concreteness,high concreteness,high concreteness,high concreteness,CD_B,B1760
B1760_3,6-6,premise,intermediate concreteness,high concreteness,high concreteness,high concreteness,high concreteness,CD_B,B1760
B1761_1,1-1,premise,low concreteness,low concreteness,low concreteness,low concreteness,low concreteness,CD_B,B1761
B1761_2,2-7,premise,high concreteness,high concreteness,high concreteness,intermediate concreteness,high concreteness,CD_B,B1761
B1761_3,5-5,mpos,high concreteness,high concreteness,high concreteness,low concreteness,intermediate concreteness,CD_B,B1761
B1761_4,9-9,premise,intermediate concreteness,intermediate concreteness,intermediate concreteness,high concreteness,high concreteness,CD_B,B1761
B1761_5,10-10,premise,high concreteness,high concreteness,high concreteness,intermediate concreteness,high concreteness,CD_B,B1761
B1761_6,11-11,mpos,high concreteness,high concreteness,high concreteness,high concreteness,intermediate concreteness,CD_B,B1761
B1762_1,1-1,premise,low concreteness,high concreteness,intermediate concreteness,high concreteness,intermediate concreteness,CD_B,B1762
B1762_2,2-3,mpos,high concreteness,high concreteness,high concreteness,high concreteness,high concreteness,CD_B,B1762
B1763_1,1-1,mpos,low concreteness,intermediate concreteness,intermediate concreteness,low concreteness,intermediate concreteness,CD_B,B1763
B1763_2,2-2,mpos,high concreteness,intermediate concreteness,high concreteness,high concreteness,high concreteness,CD_B,B1763
B1764_1,1-1,mpos,low concreteness,intermediate concreteness,intermediate concreteness,intermediate concreteness,high concreteness,CD_B,B1764
B1764_2,2-4,mpos,high concreteness,high concreteness,high concreteness,high concreteness,high concreteness,CD_B,B1764
B1764_3,5-5,premise,high concreteness,high concreteness,high concreteness,high concreteness,high concreteness,CD_B,B1764
B1765_1,1-1,mpos,low concreteness,high concreteness,high concreteness,intermediate concreteness,high concreteness,CD_B,B1765
B1765_2,2-3,mpos,high concreteness,high concreteness,high concreteness,high concreteness,high concreteness,CD_B,B1765
B1766_1,1-1,mpos,low concreteness,low concreteness,intermediate concreteness,low concreteness,intermediate concreteness,CD_B,B1766
B1766_2,2-5,mpos,high concreteness,high concreteness,high concreteness,high concreteness,high concreteness,CD_B,B1766
B1766_3,5-5,premise,high concreteness,high concreteness,high concreteness,high concreteness,high concreteness,CD_B,B1766
B1767_1,1-1,mpos,low concreteness,high concreteness,intermediate concreteness,intermediate concreteness,high concreteness,CD_B,B1767
B1767_2,2-2,mpos,intermediate concreteness,high concreteness,high concreteness,high concreteness,high concreteness,CD_B,B1767
B1767_3,3-3,premise,high concreteness,high concreteness,high concreteness,high concreteness,high concreteness,CD_B,B1767
B1768_1,1-1,mpos,low concreteness,intermediate concreteness,low concreteness,intermediate concreteness,high concreteness,CD_B,B1768
B1768_2,2-4,mpos,high concreteness,high concreteness,high concreteness,high concreteness,high concreteness,CD_B,B1768
B1768_3,5-5,premise,high concreteness,high concreteness,high concreteness,high concreteness,high concreteness,CD_B,B1768
B1769_1,1-1,premise,low concreteness,high concreteness,high concreteness,high concreteness,high concreteness,CD_B,B1769
B1769_2,2-3,mpos,high concreteness,high concreteness,high concreteness,high concreteness,high concreteness,CD_B,B1769
B1769_3,4-4,premise,high concreteness,high concreteness,high concreteness,high concreteness,high concreteness,CD_B,B1769
B1770_1,1-1,mpos,low concreteness,intermediate concreteness,intermediate concreteness,low concreteness,intermediate concreteness,CD_B,B1770
B1770_2,3-9,mpos,high concreteness,high concreteness,high concreteness,high concreteness,high concreteness,CD_B,B1770
B1770_3,11-12,premise,high concreteness,high concreteness,high concreteness,high concreteness,high concreteness,CD_B,B1770
B1771_1,1-1,mpos,low concreteness,intermediate concreteness,intermediate concreteness,low concreteness,intermediate concreteness,CD_B,B1771
B1771_2,2-8,mpos,high concreteness,high concreteness,high concreteness,high concreteness,high concreteness,CD_B,B1771
B1771_3,10-13,premise,high concreteness,high concreteness,high concreteness,high concreteness,high concreteness,CD_B,B1771
B1772_1,1-1,mpos,low concreteness,low concreteness,low concreteness,low concreteness,high concreteness,CD_B,B1772
B1772_2,2-4,mpos,high concreteness,high concreteness,high concreteness,high concreteness,high concreteness,CD_B,B1772
B1772_3,5-6,premise,intermediate concreteness,intermediate concreteness,high concreteness,high concreteness,high concreteness,CD_B,B1772
B1772_4,7-7,mpos,high concreteness,high concreteness,intermediate concreteness,high concreteness,high concreteness,CD_B,B1772
B1773_1,1-1,mpos,low concreteness,intermediate concreteness,low concreteness,low concreteness,intermediate concreteness,CD_B,B1773
B1773_2,2-3,mpos,high concreteness,high concreteness,high concreteness,high concreteness,high concreteness,CD_B,B1773
B1774_1,2-4,mpos,high concreteness,high concreteness,high concreteness,high concreteness,high concreteness,CD_B,B1774
B1775_1,1-1,mpos,low concreteness,high concreteness,intermediate concreteness,intermediate concreteness,intermediate concreteness,CD_B,B1775
B1775_2,2-4,mpos,high concreteness,high concreteness,high concreteness,high concreteness,high concreteness,CD_B,B1775
B1775_3,5-5,premise,high concreteness,high concreteness,high concreteness,high concreteness,high concreteness,CD_B,B1775
B1776_1,2-2,mpos,intermediate concreteness,high concreteness,high concreteness,high concreteness,high concreteness,CD_B,B1776
B1777_1,1-1,mpos,intermediate concreteness,high concreteness,intermediate concreteness,high concreteness,high concreteness,CD_B,B1777
B1777_2,2-3,mpos,high concreteness,high concreteness,high concreteness,high concreteness,high concreteness,CD_B,B1777
B1777_3,4-5,premise,intermediate concreteness,high concreteness,high concreteness,high concreteness,high concreteness,CD_B,B1777
B1778_1,2-4,mpos,high concreteness,intermediate concreteness,high concreteness,high concreteness,high concreteness,CD_B,B1778
B1779_1,1-1,premise,low concreteness,high concreteness,low concreteness,high concreteness,high concreteness,CD_B,B1779
B1779_2,2-2,mpos,high concreteness,high concreteness,high concreteness,intermediate concreteness,high concreteness,CD_B,B1779
B1779_3,3-4,premise,high concreteness,high concreteness,high concreteness,high concreteness,high concreteness,CD_B,B1779
B1779_4,4-4,mpos,intermediate concreteness,high concreteness,high concreteness,high concreteness,high concreteness,CD_B,B1779
B1780_1,1-1,mpos,intermediate concreteness,high concreteness,intermediate concreteness,intermediate concreteness,high concreteness,CD_B,B1780
B1780_2,2-2,mpos,high concreteness,high concreteness,high concreteness,high concreteness,high concreteness,CD_B,B1780
B1780_3,3-3,premise,high concreteness,high concreteness,intermediate concreteness,high concreteness,high concreteness,CD_B,B1780
B1781_1,1-1,mpos,low concreteness,high concreteness,intermediate concreteness,intermediate concreteness,high concreteness,CD_B,B1781
B1781_2,2-5,mpos,high concreteness,high concreteness,high concreteness,high concreteness,high concreteness,CD_B,B1781
B1781_3,6-6,premise,intermediate concreteness,intermediate concreteness,low concreteness,intermediate concreteness,intermediate concreteness,CD_B,B1781
B1782_1,1-1,premise,low concreteness,high concreteness,intermediate concreteness,high concreteness,high concreteness,CD_B,B1782
B1782_2,2-3,mpos,low concreteness,intermediate concreteness,intermediate concreteness,high concreteness,high concreteness,CD_B,B1782
B1783_1,1-1,mpos,low concreteness,low concreteness,low concreteness,intermediate concreteness,high concreteness,CD_B,B1783
B1783_2,2-4,mpos,intermediate concreteness,intermediate concreteness,high concreteness,high concreteness,high concreteness,CD_B,B1783
B1784_1,2-2,premise,intermediate concreteness,low concreteness,intermediate concreteness,low concreteness,high concreteness,CD_B,B1784
B1785_1,1-1,premise,low concreteness,low concreteness,low concreteness,low concreteness,intermediate concreteness,CD_B,B1785
B1785_2,2-3,premise,high concreteness,high concreteness,high concreteness,high concreteness,high concreteness,CD_B,B1785
B1786_1,1-1,mpos,low concreteness,high concreteness,intermediate concreteness,intermediate concreteness,high concreteness,CD_B,B1786
B1786_2,2-2,premise,high concreteness,high concreteness,high concreteness,high concreteness,high concreteness,CD_B,B1786
B1786_3,3-3,mpos,high concreteness,high concreteness,high concreteness,high concreteness,high concreteness,CD_B,B1786
B1786_4,4-4,premise,high concreteness,high concreteness,intermediate concreteness,high concreteness,high concreteness,CD_B,B1786
B1787_1,1-1,mpos,low concreteness,low concreteness,low concreteness,low concreteness,low concreteness,CD_B,B1787
B1787_2,2-4,mpos,high concreteness,high concreteness,high concreteness,high concreteness,high concreteness,CD_B,B1787
B1787_3,5-6,premise,high concreteness,high concreteness,high concreteness,intermediate concreteness,high concreteness,CD_B,B1787
B1788_1,1-1,mpos,low concreteness,high concreteness,intermediate concreteness,intermediate concreteness,high concreteness,CD_B,B1788
B1788_2,2-5,mpos,high concreteness,high concreteness,high concreteness,high concreteness,high concreteness,CD_B,B1788
B1789_1,2-4,mpos,high concreteness,high concreteness,high concreteness,high concreteness,high concreteness,CD_B,B1789
B1789_2,6-6,premise,high concreteness,high concreteness,high concreteness,high concreteness,high concreteness,CD_B,B1789
B1789_3,7-8,mpos,high concreteness,high concreteness,high concreteness,high concreteness,high concreteness,CD_B,B1789
B1789_4,9-9,premise,high concreteness,high concreteness,high concreteness,high concreteness,high concreteness,CD_B,B1789
B1789_5,10-12,premise,intermediate concreteness,intermediate concreteness,intermediate concreteness,intermediate concreteness,high concreteness,CD_B,B1789
B1789_6,10-10,mpos,intermediate concreteness,high concreteness,intermediate concreteness,intermediate concreteness,intermediate concreteness,CD_B,B1789
B1790_1,1-1,premise,low concreteness,high concreteness,high concreteness,high concreteness,high concreteness,CD_B,B1790
B1790_2,1-1,mpos,low concreteness,high concreteness,intermediate concreteness,high concreteness,high concreteness,CD_B,B1790
B1790_3,2-4,mpos,high concreteness,high concreteness,high concreteness,high concreteness,high concreteness,CD_B,B1790
B1790_4,5-7,mpos,high concreteness,high concreteness,high concreteness,high concreteness,high concreteness,CD_B,B1790
B1790_5,8-8,premise,high concreteness,high concreteness,intermediate concreteness,high concreteness,high concreteness,CD_B,B1790
B1791_1,2-2,mpos,intermediate concreteness,high concreteness,low concreteness,intermediate concreteness,intermediate concreteness,CD_B,B1791
B1791_2,3-3,premise,high concreteness,high concreteness,low concreteness,high concreteness,intermediate concreteness,CD_B,B1791
B1792_1,1-1,mpos,low concreteness,intermediate concreteness,intermediate concreteness,intermediate concreteness,high concreteness,CD_B,B1792
B1792_2,2-3,mpos,high concreteness,high concreteness,high concreteness,high concreteness,high concreteness,CD_B,B1792
B1793_1,1-1,premise,low concreteness,high concreteness,intermediate concreteness,intermediate concreteness,high concreteness,CD_B,B1793
B1793_2,2-2,premise,intermediate concreteness,high concreteness,intermediate concreteness,intermediate concreteness,high concreteness,CD_B,B1793
B1793_3,3-4,mpos,high concreteness,intermediate concreteness,high concreteness,intermediate concreteness,high concreteness,CD_B,B1793
B1793_4,4-4,premise,high concreteness,high concreteness,intermediate concreteness,intermediate concreteness,intermediate concreteness,CD_B,B1793
B1794_1,2-2,mpos,intermediate concreteness,high concreteness,intermediate concreteness,intermediate concreteness,high concreteness,CD_B,B1794
B1795_1,2-4,mpos,high concreteness,intermediate concreteness,intermediate concreteness,low concreteness,intermediate concreteness,CD_B,B1795
B1796_1,2-2,premise,intermediate concreteness,intermediate concreteness,low concreteness,low concreteness,intermediate concreteness,CD_B,B1796
B1796_2,2-2,mpos,intermediate concreteness,intermediate concreteness,high concreteness,low concreteness,intermediate concreteness,CD_B,B1796
B1797_1,2-5,mpos,high concreteness,high concreteness,high concreteness,high concreteness,high concreteness,CD_B,B1797
B1797_2,6-7,premise,high concreteness,high concreteness,high concreteness,high concreteness,high concreteness,CD_B,B1797
B1798_1,1-1,mpos,intermediate concreteness,high concreteness,high concreteness,high concreteness,high concreteness,CD_B,B1798
B1798_2,2-3,mpos,high concreteness,high concreteness,high concreteness,high concreteness,high concreteness,CD_B,B1798
B1798_3,4-4,premise,high concreteness,high concreteness,high concreteness,high concreteness,high concreteness,CD_B,B1798
B1799_1,1-1,mpos,intermediate concreteness,intermediate concreteness,intermediate concreteness,low concreteness,intermediate concreteness,CD_B,B1799
B1799_2,2-11,mpos,high concreteness,high concreteness,high concreteness,high concreteness,high concreteness,CD_B,B1799
B1800_1,2-4,mpos,high concreteness,high concreteness,high concreteness,high concreteness,high concreteness,CD_B,B1800
B1801_1,1-1,mpos,intermediate concreteness,low concreteness,low concreteness,low concreteness,low concreteness,CD_B,B1801
B1801_2,3-4,mpos,high concreteness,high concreteness,high concreteness,low concreteness,high concreteness,CD_B,B1801
B1801_3,7-8,premise,high concreteness,high concreteness,high concreteness,high concreteness,high concreteness,CD_B,B1801
B1802_1,1-1,mpos,low concreteness,intermediate concreteness,low concreteness,low concreteness,intermediate concreteness,CD_B,B1802
B1802_2,2-3,mpos,high concreteness,high concreteness,high concreteness,high concreteness,high concreteness,CD_B,B1802
B1803_1,1-1,mpos,low concreteness,low concreteness,intermediate concreteness,low concreteness,intermediate concreteness,CD_B,B1803
B1803_2,3-8,mpos,high concreteness,high concreteness,high concreteness,high concreteness,high concreteness,CD_B,B1803
B1803_3,9-9,premise,intermediate concreteness,high concreteness,high concreteness,intermediate concreteness,high concreteness,CD_B,B1803
B1803_4,10-11,mpos,high concreteness,high concreteness,intermediate concreteness,high concreteness,high concreteness,CD_B,B1803
B1803_5,11-11,premise,high concreteness,high concreteness,high concreteness,high concreteness,high concreteness,CD_B,B1803
B1804_1,1-1,premise,low concreteness,high concreteness,intermediate concreteness,high concreteness,high concreteness,CD_B,B1804
B1804_2,2-2,premise,high concreteness,high concreteness,high concreteness,high concreteness,high concreteness,CD_B,B1804
B1805_1,1-1,mpos,low concreteness,intermediate concreteness,low concreteness,high concreteness,high concreteness,CD_B,B1805
B1805_2,2-2,premise,high concreteness,high concreteness,high concreteness,high concreteness,high concreteness,CD_B,B1805
B1805_3,2-2,mpos,high concreteness,high concreteness,high concreteness,intermediate concreteness,high concreteness,CD_B,B1805
B1806_1,1-1,mpos,low concreteness,high concreteness,low concreteness,low concreteness,low concreteness,CD_B,B1806
B1806_2,2-2,mpos,high concreteness,high concreteness,high concreteness,high concreteness,high concreteness,CD_B,B1806
B1807_1,1-1,mpos,low concreteness,intermediate concreteness,intermediate concreteness,intermediate concreteness,high concreteness,CD_B,B1807
B1807_2,2-4,mpos,high concreteness,high concreteness,high concreteness,high concreteness,high concreteness,CD_B,B1807
B1808_1,2-3,mpos,high concreteness,high concreteness,high concreteness,high concreteness,high concreteness,CD_B,B1808
B1808_2,4-5,premise,high concreteness,high concreteness,high concreteness,high concreteness,high concreteness,CD_B,B1808
B1809_1,1-1,mpos,low concreteness,high concreteness,intermediate concreteness,high concreteness,high concreteness,CD_B,B1809
B1809_2,2-4,mpos,high concreteness,high concreteness,high concreteness,high concreteness,high concreteness,CD_B,B1809
B1809_3,5-5,premise,high concreteness,high concreteness,high concreteness,high concreteness,high concreteness,CD_B,B1809
B1809_4,6-6,mpos,high concreteness,high concreteness,high concreteness,high concreteness,high concreteness,CD_B,B1809
B1810_1,1-1,mpos,low concreteness,intermediate concreteness,intermediate concreteness,low concreteness,intermediate concreteness,CD_B,B1810
B1810_2,2-2,mpos,high concreteness,high concreteness,high concreteness,high concreteness,high concreteness,CD_B,B1810
B1810_3,3-3,premise,high concreteness,high concreteness,high concreteness,high concreteness,high concreteness,CD_B,B1810
B1811_1,1-1,mpos,low concreteness,low concreteness,low concreteness,low concreteness,low concreteness,CD_B,B1811
B1811_2,2-3,mpos,high concreteness,high concreteness,high concreteness,high concreteness,high concreteness,CD_B,B1811
B1812_1,1-1,mpos,low concreteness,low concreteness,low concreteness,intermediate concreteness,intermediate concreteness,CD_B,B1812
B1812_2,2-3,mpos,high concreteness,high concreteness,high concreteness,high concreteness,high concreteness,CD_B,B1812
B1812_3,4-5,premise,high concreteness,intermediate concreteness,high concreteness,high concreteness,high concreteness,CD_B,B1812
B1812_4,6-6,mpos,high concreteness,high concreteness,high concreteness,high concreteness,high concreteness,CD_B,B1812
B1812_5,7-8,premise,high concreteness,high concreteness,high concreteness,high concreteness,high concreteness,CD_B,B1812
B1813_1,1-1,mpos,low concreteness,low concreteness,intermediate concreteness,low concreteness,high concreteness,CD_B,B1813
B1813_2,2-4,mpos,high concreteness,high concreteness,high concreteness,high concreteness,high concreteness,CD_B,B1813
B1813_3,5-5,premise,high concreteness,high concreteness,high concreteness,high concreteness,high concreteness,CD_B,B1813
B1814_1,2-3,mpos,high concreteness,high concreteness,high concreteness,intermediate concreteness,high concreteness,CD_B,B1814
B1815_1,1-1,mpos,high concreteness,low concreteness,low concreteness,low concreteness,intermediate concreteness,CD_B,B1815
B1815_2,2-4,mpos,high concreteness,high concreteness,high concreteness,high concreteness,high concreteness,CD_B,B1815
B1815_3,5-5,premise,high concreteness,high concreteness,high concreteness,high concreteness,high concreteness,CD_B,B1815
B1816_1,3-4,mpos,high concreteness,intermediate concreteness,high concreteness,high concreteness,high concreteness,CD_B,B1816
B1817_1,1-1,premise,low concreteness,high concreteness,intermediate concreteness,intermediate concreteness,high concreteness,CD_B,B1817
B1817_2,2-3,mpos,high concreteness,high concreteness,high concreteness,high concreteness,high concreteness,CD_B,B1817
B1817_3,4-4,premise,high concreteness,high concreteness,high concreteness,high concreteness,high concreteness,CD_B,B1817
B1818_1,1-1,mpos,low concreteness,high concreteness,intermediate concreteness,intermediate concreteness,intermediate concreteness,CD_B,B1818
B1818_2,2-2,mpos,high concreteness,high concreteness,high concreteness,high concreteness,high concreteness,CD_B,B1818
B1818_3,3-3,premise,high concreteness,high concreteness,high concreteness,high concreteness,high concreteness,CD_B,B1818
B1819_1,1-1,mpos,intermediate concreteness,high concreteness,intermediate concreteness,intermediate concreteness,high concreteness,CD_B,B1819
B1819_2,2-2,mpos,high concreteness,high concreteness,high concreteness,intermediate concreteness,high concreteness,CD_B,B1819
B1819_3,3-3,premise,high concreteness,high concreteness,intermediate concreteness,high concreteness,high concreteness,CD_B,B1819
B1820_1,2-5,mpos,high concreteness,high concreteness,high concreteness,high concreteness,high concreteness,CD_B,B1820
B1821_1,1-1,mpos,intermediate concreteness,high concreteness,intermediate concreteness,high concreteness,high concreteness,CD_B,B1821
B1821_2,2-2,mpos,high concreteness,high concreteness,high concreteness,high concreteness,high concreteness,CD_B,B1821
B1822_1,1-1,mpos,high concreteness,intermediate concreteness,high concreteness,intermediate concreteness,intermediate concreteness,CD_B,B1822
B1822_2,2-2,mpos,high concreteness,high concreteness,high concreteness,high concreteness,high concreteness,CD_B,B1822
B1823_1,1-1,mpos,intermediate concreteness,high concreteness,intermediate concreteness,intermediate concreteness,high concreteness,CD_B,B1823
B1823_2,2-2,mpos,high concreteness,high concreteness,high concreteness,intermediate concreteness,high concreteness,CD_B,B1823
B1823_3,3-4,premise,high concreteness,high concreteness,high concreteness,high concreteness,high concreteness,CD_B,B1823
B1824_1,1-1,mpos,low concreteness,intermediate concreteness,intermediate concreteness,low concreteness,intermediate concreteness,CD_B,B1824
B1824_2,2-3,mpos,high concreteness,intermediate concreteness,high concreteness,high concreteness,high concreteness,CD_B,B1824
B1825_1,2-4,mpos,high concreteness,high concreteness,high concreteness,high concreteness,high concreteness,CD_B,B1825
B1826_1,1-1,mpos,low concreteness,low concreteness,low concreteness,high concreteness,high concreteness,CD_B,B1826
B1826_2,2-4,mpos,high concreteness,intermediate concreteness,high concreteness,high concreteness,high concreteness,CD_B,B1826
B1826_3,3-3,premise,intermediate concreteness,low concreteness,low concreteness,low concreteness,low concreteness,CD_B,B1826
B1827_1,2-9,mpos,high concreteness,high concreteness,high concreteness,high concreteness,high concreteness,CD_B,B1827
B1827_2,10-12,premise,high concreteness,intermediate concreteness,intermediate concreteness,low concreteness,high concreteness,CD_B,B1827
B1828_1,1-1,mpos,low concreteness,intermediate concreteness,low concreteness,intermediate concreteness,intermediate concreteness,CD_B,B1828
B1828_2,2-2,mpos,high concreteness,high concreteness,high concreteness,high concreteness,high concreteness,CD_B,B1828
B1829_1,1-1,mpos,low concreteness,high concreteness,intermediate concreteness,intermediate concreteness,intermediate concreteness,CD_B,B1829
B1829_2,2-4,mpos,high concreteness,high concreteness,high concreteness,high concreteness,high concreteness,CD_B,B1829
B1829_3,5-5,premise,high concreteness,high concreteness,intermediate concreteness,low concreteness,high concreteness,CD_B,B1829
B1830_1,1-1,mpos,intermediate concreteness,high concreteness,low concreteness,intermediate concreteness,high concreteness,CD_B,B1830
B1830_2,2-2,mpos,high concreteness,high concreteness,high concreteness,high concreteness,high concreteness,CD_B,B1830
B1831_1,2-3,mpos,high concreteness,high concreteness,high concreteness,high concreteness,high concreteness,CD_B,B1831
B1832_1,1-1,mpos,low concreteness,intermediate concreteness,intermediate concreteness,high concreteness,high concreteness,CD_B,B1832
B1832_2,2-3,mpos,high concreteness,high concreteness,high concreteness,high concreteness,high concreteness,CD_B,B1832
B1832_3,4-4,premise,intermediate concreteness,intermediate concreteness,intermediate concreteness,intermediate concreteness,high concreteness,CD_B,B1832
B1832_4,5-5,mpos,high concreteness,high concreteness,intermediate concreteness,intermediate concreteness,high concreteness,CD_B,B1832
B1833_1,2-2,mpos,high concreteness,high concreteness,high concreteness,high concreteness,high concreteness,CD_B,B1833
B1834_1,1-1,mpos,intermediate concreteness,high concreteness,high concreteness,high concreteness,high concreteness,CD_B,B1834
B1834_2,2-2,mpos,high concreteness,high concreteness,high concreteness,high concreteness,high concreteness,CD_B,B1834
B1834_3,3-3,premise,intermediate concreteness,high concreteness,high concreteness,high concreteness,intermediate concreteness,CD_B,B1834
B1835_1,1-1,premise,low concreteness,high concreteness,intermediate concreteness,high concreteness,high concreteness,CD_B,B1835
B1835_2,2-2,mpos,intermediate concreteness,high concreteness,high concreteness,intermediate concreteness,high concreteness,CD_B,B1835
B1835_3,3-5,premise,high concreteness,high concreteness,high concreteness,high concreteness,high concreteness,CD_B,B1835
B1835_4,6-6,mpos,intermediate concreteness,high concreteness,high concreteness,intermediate concreteness,intermediate concreteness,CD_B,B1835
B1835_5,7-7,premise,high concreteness,high concreteness,high concreteness,high concreteness,high concreteness,CD_B,B1835
B1835_6,8-8,mpos,intermediate concreteness,high concreteness,high concreteness,high concreteness,high concreteness,CD_B,B1835
B1835_7,9-9,premise,intermediate concreteness,intermediate concreteness,high concreteness,intermediate concreteness,high concreteness,CD_B,B1835
B1836_1,1-1,premise,low concreteness,high concreteness,intermediate concreteness,high concreteness,high concreteness,CD_B,B1836
B1836_2,2-5,mpos,high concreteness,high concreteness,high concreteness,high concreteness,high concreteness,CD_B,B1836
B1836_3,6-7,premise,high concreteness,high concreteness,high concreteness,high concreteness,high concreteness,CD_B,B1836
B1836_4,7-7,mpos,high concreteness,high concreteness,high concreteness,intermediate concreteness,high concreteness,CD_B,B1836
B1837_1,1-1,premise,low concreteness,intermediate concreteness,intermediate concreteness,intermediate concreteness,intermediate concreteness,CD_B,B1837
B1837_2,2-3,mpos,intermediate concreteness,high concreteness,high concreteness,intermediate concreteness,high concreteness,CD_B,B1837
B1837_3,5-9,premise,high concreteness,high concreteness,high concreteness,high concreteness,high concreteness,CD_B,B1837
B1838_1,1-1,premise,low concreteness,low concreteness,low concreteness,intermediate concreteness,intermediate concreteness,CD_B,B1838
B1838_2,2-3,mpos,high concreteness,high concreteness,high concreteness,high concreteness,high concreteness,CD_B,B1838
B1838_3,4-5,premise,high concreteness,high concreteness,high concreteness,high concreteness,high concreteness,CD_B,B1838
B1839_1,1-1,mpos,low concreteness,intermediate concreteness,intermediate concreteness,intermediate concreteness,high concreteness,CD_B,B1839
B1839_2,2-2,mpos,high concreteness,high concreteness,high concreteness,high concreteness,high concreteness,CD_B,B1839
B1839_3,3-3,premise,intermediate concreteness,high concreteness,high concreteness,high concreteness,high concreteness,CD_B,B1839
B1840_1,1-1,mpos,low concreteness,high concreteness,intermediate concreteness,high concreteness,high concreteness,CD_B,B1840
B1840_2,2-2,mpos,high concreteness,high concreteness,high concreteness,high concreteness,high concreteness,CD_B,B1840
B1841_1,1-1,mpos,intermediate concreteness,high concreteness,intermediate concreteness,high concreteness,high concreteness,CD_B,B1841
B1841_2,2-2,mpos,high concreteness,high concreteness,high concreteness,high concreteness,high concreteness,CD_B,B1841
B1842_1,1-1,mpos,low concreteness,intermediate concreteness,intermediate concreteness,intermediate concreteness,high concreteness,CD_B,B1842
B1842_2,2-2,mpos,high concreteness,intermediate concreteness,high concreteness,high concreteness,high concreteness,CD_B,B1842
B1843_1,1-1,mpos,low concreteness,intermediate concreteness,low concreteness,low concreteness,low concreteness,CD_B,B1843
B1843_2,2-2,mpos,high concreteness,high concreteness,high concreteness,high concreteness,high concreteness,CD_B,B1843
B1843_3,3-3,premise,high concreteness,high concreteness,high concreteness,high concreteness,high concreteness,CD_B,B1843
B1844_1,1-1,mpos,low concreteness,intermediate concreteness,intermediate concreteness,low concreteness,high concreteness,CD_B,B1844
B1844_2,2-4,mpos,high concreteness,high concreteness,high concreteness,high concreteness,high concreteness,CD_B,B1844
