id,document_id,sentence_nr,content,code,title/text,dataset,url
11947,E1452,1,Die Radspur auf der Fahrbahn sicherer machen,mpos,title,CD_C,https://www.raddialog-ehrenfeld.koeln/dialoge/ehrenfelder-raddialog/die-radspur-auf-der-fahrbahn-sicherer-machen
11948,E1452,2,Die Verlegung des Radverkehrs auf die Straße ist schon eine Verbesserung im Vergleich zum vorherigen Zustand.,premise,text,CD_C,https://www.raddialog-ehrenfeld.koeln/dialoge/ehrenfelder-raddialog/die-radspur-auf-der-fahrbahn-sicherer-machen
11949,E1452,3,"Der Radfahrstreifen ist aber noch zu unsicher, er sollte zu einer Protected Bike Lane ausgebaut werden.",mpos+premise,text,CD_C,https://www.raddialog-ehrenfeld.koeln/dialoge/ehrenfelder-raddialog/die-radspur-auf-der-fahrbahn-sicherer-machen
11950,E1452,4,"Deutlich rot eingefärbt, und auch mit Schwellen gegenüber der Kfz-Spur abgegrenzt werden.",mpos,text,CD_C,https://www.raddialog-ehrenfeld.koeln/dialoge/ehrenfelder-raddialog/die-radspur-auf-der-fahrbahn-sicherer-machen
11951,E1453,1,Brücke endlich bauen!,mpos,title,CD_C,https://www.raddialog-ehrenfeld.koeln/dialoge/ehrenfelder-raddialog/bruecke-endlich-bauen
11952,E1453,2,Der Neubau der Brücke über die Widdersdorfer Straße ist eigentlich längst beschlossene Sache.,premise,text,CD_C,https://www.raddialog-ehrenfeld.koeln/dialoge/ehrenfelder-raddialog/bruecke-endlich-bauen
11953,E1453,3,Eine wichtige Radwegeverbindung von Ehrenfeld in den Stadtbezirk Lindenthal.,premise,text,CD_C,https://www.raddialog-ehrenfeld.koeln/dialoge/ehrenfelder-raddialog/bruecke-endlich-bauen
11954,E1453,4,Hier sollte die Umsetzung beschleunigt werden.,mpos,text,CD_C,https://www.raddialog-ehrenfeld.koeln/dialoge/ehrenfelder-raddialog/bruecke-endlich-bauen
11955,E1454,1,Kreuzung sicherer machen,mpos,title,CD_C,https://www.raddialog-ehrenfeld.koeln/dialoge/ehrenfelder-raddialog/kreuzung-sicherer-machen
11956,E1454,2,"Durch geparkte Autos entstehen beim Abbiegen von Radfahrern oder PKWs oft gefährliche Situationen, da die Kreuzung unübersichtlich ist.",premise,text,CD_C,https://www.raddialog-ehrenfeld.koeln/dialoge/ehrenfelder-raddialog/kreuzung-sicherer-machen
11957,E1456,1,Verkehrssituation Venloer Str.,non-arg,title,CD_C,https://www.raddialog-ehrenfeld.koeln/dialoge/ehrenfelder-raddialog/verkehrssituation-venloer-str
11958,E1456,2,Die Situation auf der Venloer Str. ist für die schwachen Verkehrsteilnehmer bald nicht mehr hinnehmbar.,premise,text,CD_C,https://www.raddialog-ehrenfeld.koeln/dialoge/ehrenfelder-raddialog/verkehrssituation-venloer-str
11959,E1456,3,"Der Schutzstreifen ist viel zu schmal, zum Teil in der Gosse, wird ständig von Autos und LKW's zugeparkt, Autofahrer überholen ohne ausreichenden Abstand, ständiger Wechsel zwischen Schutzstreifen auf der Straße und Radweg auf dem Bürgersteig.",premise,text,CD_C,https://www.raddialog-ehrenfeld.koeln/dialoge/ehrenfelder-raddialog/verkehrssituation-venloer-str
11960,E1456,4,Überall fehlen Fahrrad.Absetllmöglichkeiten für normale Räder und Lastenräder.,premise,text,CD_C,https://www.raddialog-ehrenfeld.koeln/dialoge/ehrenfelder-raddialog/verkehrssituation-venloer-str
11961,E1456,5,Fußgänger haben zu wenig Möglichkeiten die Venloer Str. zu queren.,premise,text,CD_C,https://www.raddialog-ehrenfeld.koeln/dialoge/ehrenfelder-raddialog/verkehrssituation-venloer-str
11962,E1456,6,Warum werden die schwachen Verkehrsteilnehmer hier so massiv benachteiligt?,premise,text,CD_C,https://www.raddialog-ehrenfeld.koeln/dialoge/ehrenfelder-raddialog/verkehrssituation-venloer-str
11963,E1457,1,freilaufende Rechtsabbieger,non-arg,title,CD_C,https://www.raddialog-ehrenfeld.koeln/dialoge/ehrenfelder-raddialog/freilaufende-rechtsabbieger
11964,E1457,2,"freilaufende Rechtsabbeiger haben in Köln schon soviele Menschen getötet, trotzdem werden sie nicht zurückgebaut",premise,text,CD_C,https://www.raddialog-ehrenfeld.koeln/dialoge/ehrenfelder-raddialog/freilaufende-rechtsabbieger
11965,E1458,1,Ampel Ecke Venloer / Franz Greuer,non-arg,title,CD_C,https://www.raddialog-ehrenfeld.koeln/dialoge/ehrenfelder-raddialog/ampel-ecke-venloer-franz-greuer
11966,E1458,2,Die Ampel kann wegfallen und durch einen Mini-Kreisverkehr mit Zebrastreifen an den Ein-/Ausgängen ersetzt werden.,mpos,text,CD_C,https://www.raddialog-ehrenfeld.koeln/dialoge/ehrenfelder-raddialog/ampel-ecke-venloer-franz-greuer
11967,E1458,3,Damit würden Wartezeiten für Radfahrer (und Fußgänger) reduziert und ein allgemein achtsames Miteinander gefördert.,mpos,text,CD_C,https://www.raddialog-ehrenfeld.koeln/dialoge/ehrenfelder-raddialog/ampel-ecke-venloer-franz-greuer
11968,E1459,1,Ampel Vogelsanger / Grüner Weg,non-arg,title,CD_C,https://www.raddialog-ehrenfeld.koeln/dialoge/ehrenfelder-raddialog/ampel-vogelsanger-gruener-weg
11969,E1459,2,Die Ampel kann durch einen Mini-Kreisverkehr inkl. Fußgängerüberwege / Zebrastreifen ersetzt werden.,mpos,text,CD_C,https://www.raddialog-ehrenfeld.koeln/dialoge/ehrenfelder-raddialog/ampel-vogelsanger-gruener-weg
11970,E1459,3,Dadurch reduzieren sich die Wartezeiten für Fußgänger / Radfahrer.,mpos,text,CD_C,https://www.raddialog-ehrenfeld.koeln/dialoge/ehrenfelder-raddialog/ampel-vogelsanger-gruener-weg
11971,E1460,1,Aufpflasterung an abgesperrten Kreuzungen,premise,title,CD_C,https://www.raddialog-ehrenfeld.koeln/dialoge/ehrenfelder-raddialog/aufpflasterung-abgesperrten-kreuzungen
11972,E1460,2,"Die Stammstraße ist eine attraktive Radroute, allerdings an verschiedenen Kreuzungen durch Aufpflasterung nur umständlich befahrbar.",premise,text,CD_C,https://www.raddialog-ehrenfeld.koeln/dialoge/ehrenfelder-raddialog/aufpflasterung-abgesperrten-kreuzungen
11973,E1460,3,Hier könnte die Pflasterungen entfernt und durch glatten Asphalt ersetzt werden (wie es momentan an der Körnerstraße schon eingerichtet ist),mpos,text,CD_C,https://www.raddialog-ehrenfeld.koeln/dialoge/ehrenfelder-raddialog/aufpflasterung-abgesperrten-kreuzungen
11974,E1461,1,Freigabe der Hüttenstraße,mpos,title,CD_C,https://www.raddialog-ehrenfeld.koeln/dialoge/ehrenfelder-raddialog/freigabe-der-huettenstrasse
11975,E1461,2,"Die Hüttenstraße ist eine wichtige Radwegverbindung und teilweise schwer zu umfahren, allerdings für den Zweirichtungserkehr nicht freigegeben.",premise,text,CD_C,https://www.raddialog-ehrenfeld.koeln/dialoge/ehrenfelder-raddialog/freigabe-der-huettenstrasse
11976,E1461,3,Dies sollte dringend geschehen.,mpos,text,CD_C,https://www.raddialog-ehrenfeld.koeln/dialoge/ehrenfelder-raddialog/freigabe-der-huettenstrasse
11977,E1462,1,Zugeparkter Radweg,premise,title,CD_C,https://www.raddialog-ehrenfeld.koeln/dialoge/ehrenfelder-raddialog/zugeparkter-radweg
11978,E1462,2,"Hier stehen beinahe durchgehend PKW halb auf dem Gehweg und halb auf dem Radweg, wodurch man auf die Fahrbahn ausweichen muss, da man sonst mit dem Lenker gegen die Außenspiegel kommen würde.",premise,text,CD_C,https://www.raddialog-ehrenfeld.koeln/dialoge/ehrenfelder-raddialog/zugeparkter-radweg
11979,E1462,3,Eine unfassbar gefährliche Stelle.,premise,text,CD_C,https://www.raddialog-ehrenfeld.koeln/dialoge/ehrenfelder-raddialog/zugeparkter-radweg
11980,E1462,4,"Der Radweg muss dort entweder verbreitert werden, oder ein absolutes Halteverbot DURCHGESETZT werden.",mpos,text,CD_C,https://www.raddialog-ehrenfeld.koeln/dialoge/ehrenfelder-raddialog/zugeparkter-radweg
11981,E1463,1,Bahnübergang / Ampelkreuzung,non-arg,title,CD_C,https://www.raddialog-ehrenfeld.koeln/dialoge/ehrenfelder-raddialog/bahnuebergang-ampelkreuzung
11982,E1463,2,"Hallo, an dieser Kreuzung gibt es für Fahrradfahrer wirklich keinerlei Verkehrskonzept.",premise,text,CD_C,https://www.raddialog-ehrenfeld.koeln/dialoge/ehrenfelder-raddialog/bahnuebergang-ampelkreuzung
11983,E1463,3,"Ich fahre immer von der Eisenstraße in die Fröbelstraße, bzw. den umgekehrten Weg und weiß gar nicht, wie ich mich hier korrekterweise verhalten muss.",premise,text,CD_C,https://www.raddialog-ehrenfeld.koeln/dialoge/ehrenfelder-raddialog/bahnuebergang-ampelkreuzung
11984,E1463,4,Meine Taktik ist einfach die Ampel für die Fußgänger zu nutzen.,premise,text,CD_C,https://www.raddialog-ehrenfeld.koeln/dialoge/ehrenfelder-raddialog/bahnuebergang-ampelkreuzung
11985,E1463,5,Der Bahnübergang ist aber für die Fußgänger (was natürlich sinnvoll ist) mit Drängelgittern abgesperrt.,premise,text,CD_C,https://www.raddialog-ehrenfeld.koeln/dialoge/ehrenfelder-raddialog/bahnuebergang-ampelkreuzung
11986,E1463,6,Die muss man als Radfahrer kompliziert umfahren.,premise,text,CD_C,https://www.raddialog-ehrenfeld.koeln/dialoge/ehrenfelder-raddialog/bahnuebergang-ampelkreuzung
11987,E1463,7,Jemand der nicht mehr ganz so agil ist wird hier kaum die Kurve schaffen.,premise,text,CD_C,https://www.raddialog-ehrenfeld.koeln/dialoge/ehrenfelder-raddialog/bahnuebergang-ampelkreuzung
11988,E1463,8,Hier ist auch keinerlei Platz vorgesehen.,premise,text,CD_C,https://www.raddialog-ehrenfeld.koeln/dialoge/ehrenfelder-raddialog/bahnuebergang-ampelkreuzung
11989,E1463,9,"Sobald man an der Ampel Richtung Fröbelstraße steht, versperrt man mit seinem Fahrrad vollkommen den Platz.",premise,text,CD_C,https://www.raddialog-ehrenfeld.koeln/dialoge/ehrenfelder-raddialog/bahnuebergang-ampelkreuzung
11990,E1463,10,Von der Fröbelstraße aus in Richtung Eisenstraße genauso.,premise,text,CD_C,https://www.raddialog-ehrenfeld.koeln/dialoge/ehrenfelder-raddialog/bahnuebergang-ampelkreuzung
11991,E1463,11,Außerdem sind die Ampelphasen unfassbar lang (auch wenn gefühlt minutenlang keinerlei Autos kommen und an der Weinsbergstraße für diese sogar rot ist!) und man braucht 2 Ampelphasen nur um die Straße geradeaus zu überqueren.,premise,text,CD_C,https://www.raddialog-ehrenfeld.koeln/dialoge/ehrenfelder-raddialog/bahnuebergang-ampelkreuzung
11992,E1463,12,Das ist wirklich unglaublich frustrierend.,premise,text,CD_C,https://www.raddialog-ehrenfeld.koeln/dialoge/ehrenfelder-raddialog/bahnuebergang-ampelkreuzung
11993,E1463,13,Die meisten Radfahrer (eigentlich alle) überqueren die Straße einfach über die Linksabbiegespuren für die Autos.,premise,text,CD_C,https://www.raddialog-ehrenfeld.koeln/dialoge/ehrenfelder-raddialog/bahnuebergang-ampelkreuzung
11994,E1463,14,"Das ist wirklich die absolut einfachste Variante, aber ich gehe mal davon aus, dass das einfach nicht darf.",premise,text,CD_C,https://www.raddialog-ehrenfeld.koeln/dialoge/ehrenfelder-raddialog/bahnuebergang-ampelkreuzung
11995,E1463,15,Es wäre super wenn man hier deutliche Spuren für die Radfahrer und eine wesentlich bessere Ampelschaltung einrichten würde.,mpos,text,CD_C,https://www.raddialog-ehrenfeld.koeln/dialoge/ehrenfelder-raddialog/bahnuebergang-ampelkreuzung
11996,E1463,16,Insgesamt wird hier ein anständiges Konzept dringend benötigt.,mpos,text,CD_C,https://www.raddialog-ehrenfeld.koeln/dialoge/ehrenfelder-raddialog/bahnuebergang-ampelkreuzung
11997,E1463,17,Danke!,non-arg,text,CD_C,https://www.raddialog-ehrenfeld.koeln/dialoge/ehrenfelder-raddialog/bahnuebergang-ampelkreuzung
11998,E1464,1,Freilaufender Rechtsabbieger,non-arg,title,CD_C,https://www.raddialog-ehrenfeld.koeln/dialoge/ehrenfelder-raddialog/freilaufender-rechtsabbieger
11999,E1464,2,"Die freilaufenden Rechtsabbieger sind ja alle ziemlich gruselig, dieser hier stört mich aber besonders.",premise,text,CD_C,https://www.raddialog-ehrenfeld.koeln/dialoge/ehrenfelder-raddialog/freilaufender-rechtsabbieger
12000,E1464,3,Von der Weinsbegerstraße aus kommend führt einen der Radweg nämlich in eine deutliche Kurve nach rechts.,premise,text,CD_C,https://www.raddialog-ehrenfeld.koeln/dialoge/ehrenfelder-raddialog/freilaufender-rechtsabbieger
12001,E1464,4,"Wenn man geradeaus über die Innere Kanalstraße fahren möchte, muß man höllisch aufpassen, dass die Autofahrer einen wahrnehmen.",premise,text,CD_C,https://www.raddialog-ehrenfeld.koeln/dialoge/ehrenfelder-raddialog/freilaufender-rechtsabbieger
12002,E1465,1,Auffahrt zum Radweg,non-arg,title,CD_C,https://www.raddialog-ehrenfeld.koeln/dialoge/ehrenfelder-raddialog/auffahrt-zum-radweg
12003,E1465,2,Die Auffahrt zu und vom Radweg entlang der Inneren Kanalstraße muss dringend vergrößert und mit deutlichen Richtungsangaben versehen werden.,mpos,text,CD_C,https://www.raddialog-ehrenfeld.koeln/dialoge/ehrenfelder-raddialog/auffahrt-zum-radweg
12004,E1465,3,"Von der Weinsbergstraße aus kommend schafft man die Kurve an der Stelle nur, in dem man weit ausholt.",premise,text,CD_C,https://www.raddialog-ehrenfeld.koeln/dialoge/ehrenfelder-raddialog/auffahrt-zum-radweg
12005,E1465,4,"Da hier gerade morgens gerne mal viel Verkehr mit meheren Radfahrern ist, muss man ziemlich aufpassen, dass man einander nicht in die Quere kommt.",premise,text,CD_C,https://www.raddialog-ehrenfeld.koeln/dialoge/ehrenfelder-raddialog/auffahrt-zum-radweg
12006,E1466,1,Druchgäng Tempo 50,mpos,title,CD_C,https://www.raddialog-ehrenfeld.koeln/dialoge/ehrenfelder-raddialog/druchgaeng-tempo-50
12007,E1466,2,Abbau der Tempo 70 Schildern die im wechsel mit Tempo 50 auf der Äußeren Kanalstr. zu finden sind.,mpos+premise,text,CD_C,https://www.raddialog-ehrenfeld.koeln/dialoge/ehrenfelder-raddialog/druchgaeng-tempo-50
12008,E1467,1,Eigene Fahrradampel,mpos,title,CD_C,https://www.raddialog-ehrenfeld.koeln/dialoge/ehrenfelder-raddialog/eigene-fahrradampel
12009,E1467,2,An der Kreuzung Subbelrather/ Äußere Kanalstraße wäre eine eigene Fahrradampel sinnvoll.,mpos,text,CD_C,https://www.raddialog-ehrenfeld.koeln/dialoge/ehrenfelder-raddialog/eigene-fahrradampel
12010,E1467,3,Im Moment ist das Fahrradgrün mit dem Fußgängergrün gekoppelt.,premise,text,CD_C,https://www.raddialog-ehrenfeld.koeln/dialoge/ehrenfelder-raddialog/eigene-fahrradampel
12011,E1468,1,Die Radführung vom belgischen Viertel kommend geradeaus auf der Vogelsanger Straße muss dringend verbessert werden.,mpos,title,CD_C,https://www.raddialog-ehrenfeld.koeln/dialoge/ehrenfelder-raddialog/die-radfuehrung-vom-belgischen-viertel-kommend-geradeaus-auf-der
12012,E1468,2,"Wer auf der Vogelsanger aus dem belgischen Viertel kommend einfach nur geradeaus die Innere Kanalstraße überqueren will, wird über den freilaufenden Rechtsabbieger für die Autofahrer geleitet, wo man dann scheinbar auf den Bürgersteig fahren soll.",premise,text,CD_C,https://www.raddialog-ehrenfeld.koeln/dialoge/ehrenfelder-raddialog/die-radfuehrung-vom-belgischen-viertel-kommend-geradeaus-auf-der
12013,E1468,3,Dort ist aber a) kein Radweg deutlich markiert und b) man muss als Radfahrer nach wenigen Metern schon wieder auf die Straße (und in den fließenden Autoverkehr wechseln).,premise,text,CD_C,https://www.raddialog-ehrenfeld.koeln/dialoge/ehrenfelder-raddialog/die-radfuehrung-vom-belgischen-viertel-kommend-geradeaus-auf-der
12014,E1468,4,"Auf Anhieb ist es aber auch gar nicht zu erkennen, dass man dort auf den Bürgersteig soll.",premise,text,CD_C,https://www.raddialog-ehrenfeld.koeln/dialoge/ehrenfelder-raddialog/die-radfuehrung-vom-belgischen-viertel-kommend-geradeaus-auf-der
12015,E1468,5,"Die Folge ist, dass eigentlich alle Radfahrer auf dem freilaufen Rechtsabbieger landen und von dort dann wieder auf die Vogelsanger fahren, wo man sich wiederum in den fließenden Autoverkehr einfädeln muss.",premise,text,CD_C,https://www.raddialog-ehrenfeld.koeln/dialoge/ehrenfelder-raddialog/die-radfuehrung-vom-belgischen-viertel-kommend-geradeaus-auf-der
12016,E1468,6,Die Stelle ist einfach nur unlogisch.,premise,text,CD_C,https://www.raddialog-ehrenfeld.koeln/dialoge/ehrenfelder-raddialog/die-radfuehrung-vom-belgischen-viertel-kommend-geradeaus-auf-der
12017,E1468,7,Es muss einem doch möglich sein ganz einfach nur geradeaus die Kreuzung zu überqueren.,mpos,text,CD_C,https://www.raddialog-ehrenfeld.koeln/dialoge/ehrenfelder-raddialog/die-radfuehrung-vom-belgischen-viertel-kommend-geradeaus-auf-der
12018,E1468,8,"Wenn man die Stelle nicht kennt, merkt man gar im ersten Moment gar nicht wie seltsam man geleitet wird, was die Stelle recht gefährlich macht.",premise,text,CD_C,https://www.raddialog-ehrenfeld.koeln/dialoge/ehrenfelder-raddialog/die-radfuehrung-vom-belgischen-viertel-kommend-geradeaus-auf-der
12019,E1469,1,Freigabe Einbahnstraße für Radfahrer,mpos,title,CD_C,https://www.raddialog-ehrenfeld.koeln/dialoge/ehrenfelder-raddialog/freigabe-einbahnstrasse-fuer-radfahrer
12020,E1469,2,Die Philippstr. zwischen Stammstr und Venloer Str ist in dieser Richtung Einbahnstraße und seit ca. 2 Jahren für den Fahrradverkehr freigegeben.,premise,text,CD_C,https://www.raddialog-ehrenfeld.koeln/dialoge/ehrenfelder-raddialog/freigabe-einbahnstrasse-fuer-radfahrer
12021,E1469,3,"Das Teilstück zwischen Glasstr und Stammstr ist zu diesem Zeitpunkt nicht freigegeben worden, weil das durch ein baubedingte Sperrung nicht notwendig ist.",premise,text,CD_C,https://www.raddialog-ehrenfeld.koeln/dialoge/ehrenfelder-raddialog/freigabe-einbahnstrasse-fuer-radfahrer
12022,E1469,4,Seitdem die Sperrung nicht mehr bestehtm habe ich schon 2x den Fahrradbeauftragten gebeten dieses Teilstück freizugeben - leider ist hier bis heute nichts passiert.,mpos,text,CD_C,https://www.raddialog-ehrenfeld.koeln/dialoge/ehrenfelder-raddialog/freigabe-einbahnstrasse-fuer-radfahrer
12023,E1469,5,Die Philippstr ist hier eine wichtige Querverbindung in der direkten Verbindung zwischen Gürtel über Fröbelstr - Rothehausstr und Liebigstr. Richtung Nippes.,premise,text,CD_C,https://www.raddialog-ehrenfeld.koeln/dialoge/ehrenfelder-raddialog/freigabe-einbahnstrasse-fuer-radfahrer
12024,E1470,1,Bordsteinabsenkung in Verlängerung der Bartolomäus Schink Str.,mpos,title,CD_C,https://www.raddialog-ehrenfeld.koeln/dialoge/ehrenfelder-raddialog/bordsteinabsenkung-verlaengerung-der-bartolomaeus-schink-str
12025,E1470,2,"Wenn man von der Bartholomäus Schink Str kommend durch die Unterführung des Bahnhofs Ehrenfeld Richtung Glasstraße fahren will, muss an nach der Querung des Gürtels entweder absteigen um den hohen Bordstein zu überwinden oder man fährt einen Schwenk in Richtug Hüttenstraße um dann wieder rechts in die Unterführung zu fahren.",premise,text,CD_C,https://www.raddialog-ehrenfeld.koeln/dialoge/ehrenfelder-raddialog/bordsteinabsenkung-verlaengerung-der-bartolomaeus-schink-str
12026,E1470,3,Eine Bordsteinabsenkung in direkter Verlängerung der Bartholomäus Schink Straße wäre hier wünschenswert.,mpos,text,CD_C,https://www.raddialog-ehrenfeld.koeln/dialoge/ehrenfelder-raddialog/bordsteinabsenkung-verlaengerung-der-bartolomaeus-schink-str
12027,E1471,1,Verlängerung Radschutzstreifen zwischen Overbeckstr und Ampel Subbelrather Str.,mpos,title,CD_C,https://www.raddialog-ehrenfeld.koeln/dialoge/ehrenfelder-raddialog/verlaengerung-radschutzstreifen-zwischen-overbeckstr-und-ampel
12028,E1471,2,Auf der Liebigstraße in Richtung Subbelratherstr. wird man vom Radweg vor der Overbeckstr auf einen roten Radschutzstreifen geführt.,premise,text,CD_C,https://www.raddialog-ehrenfeld.koeln/dialoge/ehrenfelder-raddialog/verlaengerung-radschutzstreifen-zwischen-overbeckstr-und-ampel
12029,E1471,3,"Dieser endet aber nach einigen Metern, was dazu führt, dass die vor der Ampel wartenden Autos keinen Platz für vorbeifahrende Radfahrer lassen.",premise,text,CD_C,https://www.raddialog-ehrenfeld.koeln/dialoge/ehrenfelder-raddialog/verlaengerung-radschutzstreifen-zwischen-overbeckstr-und-ampel
12030,E1471,4,"Besonders ärgerlich ist das zum Berufsverkehr, weil dann der Autoverkehr nicht auf die Subbelrather Str abfliesst.",premise,text,CD_C,https://www.raddialog-ehrenfeld.koeln/dialoge/ehrenfelder-raddialog/verlaengerung-radschutzstreifen-zwischen-overbeckstr-und-ampel
12031,E1471,5,Dem Radfahrer bleibt nur die Wahl auf den Fussweg auszuweichen oder links an den Autos vorbeizufahren.,premise,text,CD_C,https://www.raddialog-ehrenfeld.koeln/dialoge/ehrenfelder-raddialog/verlaengerung-radschutzstreifen-zwischen-overbeckstr-und-ampel
12032,E1471,6,"Eine Verlängerung des Radschutzstreifens bis zur Ampel wäre eine einfache Lösung, den Radverkehr fließen zu lassen.",mpos,text,CD_C,https://www.raddialog-ehrenfeld.koeln/dialoge/ehrenfelder-raddialog/verlaengerung-radschutzstreifen-zwischen-overbeckstr-und-ampel
12033,E1472,1,Herkulesstrasse in beide Richtungen für Radfahrer öffnen,mpos,title,CD_C,https://www.raddialog-ehrenfeld.koeln/dialoge/ehrenfelder-raddialog/herkulesstrasse-beide-richtungen-fuer-radfahrer-oeffnen
12034,E1472,2,Die Herkulesstrasse sollte auch von Süd nach Nord für Radfahrer befahrbahr sein.,mpos,text,CD_C,https://www.raddialog-ehrenfeld.koeln/dialoge/ehrenfelder-raddialog/herkulesstrasse-beide-richtungen-fuer-radfahrer-oeffnen
12035,E1472,3,Aktuell ist kein Platz für Radler wenn ein Auto entgegenkommt.,premise,text,CD_C,https://www.raddialog-ehrenfeld.koeln/dialoge/ehrenfelder-raddialog/herkulesstrasse-beide-richtungen-fuer-radfahrer-oeffnen
12036,E1472,4,"Die vorhandene Lösung, die Radler ab der Unterführung über die viel zu enge Rampe in den Park zu leiten ist mangelhaft.",premise,text,CD_C,https://www.raddialog-ehrenfeld.koeln/dialoge/ehrenfelder-raddialog/herkulesstrasse-beide-richtungen-fuer-radfahrer-oeffnen
12037,E1472,5,Es fehlt auch eine fahrbare Fahrradrampe in dem Park ca. auf Höhe Parkmitte bei den 4 Treppenstufen.,mpos,text,CD_C,https://www.raddialog-ehrenfeld.koeln/dialoge/ehrenfelder-raddialog/herkulesstrasse-beide-richtungen-fuer-radfahrer-oeffnen
12038,E1472,6,Die vorhandene Rampe ist mangelhaft.,premise,text,CD_C,https://www.raddialog-ehrenfeld.koeln/dialoge/ehrenfelder-raddialog/herkulesstrasse-beide-richtungen-fuer-radfahrer-oeffnen
12039,E1473,1,Die Ampel an dieser Stelle ist sinnlos.,premise,title,CD_C,https://www.raddialog-ehrenfeld.koeln/dialoge/ehrenfelder-raddialog/die-ampel-dieser-stelle-ist-sinnlos
12040,E1473,2,"Die Ampel für Fussgänger und Radfahrer an dieser Stelle ist sinnlos, da aus der Strasse niemand kommen kann.",premise,text,CD_C,https://www.raddialog-ehrenfeld.koeln/dialoge/ehrenfelder-raddialog/die-ampel-dieser-stelle-ist-sinnlos
12041,E1473,3,Da stehen nämlich Absperrpoller!,premise,text,CD_C,https://www.raddialog-ehrenfeld.koeln/dialoge/ehrenfelder-raddialog/die-ampel-dieser-stelle-ist-sinnlos
12042,E1473,4,Die Ampel bremst den Radverkehr unnötig aus.,premise,text,CD_C,https://www.raddialog-ehrenfeld.koeln/dialoge/ehrenfelder-raddialog/die-ampel-dieser-stelle-ist-sinnlos
12043,E1474,1,Auf- und Abfahrt auf die Brücke nicht verblockt und zugeparkt.,premise,title,CD_C,https://www.raddialog-ehrenfeld.koeln/dialoge/ehrenfelder-raddialog/auf-und-abfahrt-auf-die-bruecke-nicht-verblockt-und-zugeparkt
12044,E1474,2,"Radfahrer welche die die Brücke über die Autobahn nutzen wollen, kommen nicht problemlos in oder aus der Lukasstrasse.",premise,text,CD_C,https://www.raddialog-ehrenfeld.koeln/dialoge/ehrenfelder-raddialog/auf-und-abfahrt-auf-die-bruecke-nicht-verblockt-und-zugeparkt
12045,E1474,3,Dort ist kein Weg für Radfahrer markiert.,premise,text,CD_C,https://www.raddialog-ehrenfeld.koeln/dialoge/ehrenfelder-raddialog/auf-und-abfahrt-auf-die-bruecke-nicht-verblockt-und-zugeparkt
12046,E1474,4,Die Zufahrt zur Rampe ist fast immer zugeparkt.,premise,text,CD_C,https://www.raddialog-ehrenfeld.koeln/dialoge/ehrenfelder-raddialog/auf-und-abfahrt-auf-die-bruecke-nicht-verblockt-und-zugeparkt
12047,E1474,5,Als Folge fahren viele Radfahrer auf dem sehr engen Nord-Fußweg der Lukasstraße und drängeln die Fußgänger weg.,premise,text,CD_C,https://www.raddialog-ehrenfeld.koeln/dialoge/ehrenfelder-raddialog/auf-und-abfahrt-auf-die-bruecke-nicht-verblockt-und-zugeparkt
12048,E1475,1,Keine Einfahrt in den Radweg möglich.,premise,title,CD_C,https://www.raddialog-ehrenfeld.koeln/dialoge/ehrenfelder-raddialog/keine-einfahrt-den-radweg-moeglich
12049,E1475,2,"Wenn mensch von der Hüttenstr. in die Liebigstr. fährt, gibt es nach der Kreuzung keine Möglichkeit auf den Radweg der Liebigstr. zu kommen.",premise,text,CD_C,https://www.raddialog-ehrenfeld.koeln/dialoge/ehrenfelder-raddialog/keine-einfahrt-den-radweg-moeglich
12050,E1475,3,"Hoher Bordsteine vor und hinter der Bushaltestelle, sowie parkende Autos blockieren die Auffahrt.",premise,text,CD_C,https://www.raddialog-ehrenfeld.koeln/dialoge/ehrenfelder-raddialog/keine-einfahrt-den-radweg-moeglich
12051,E1476,1,Starke Radwegsschäden,premise,title,CD_C,https://www.raddialog-ehrenfeld.koeln/dialoge/ehrenfelder-raddialog/starke-radwegsschaeden
12052,E1476,2,Der Radweg muss an dieser Stelle dringend saniert werden.,mpos,text,CD_C,https://www.raddialog-ehrenfeld.koeln/dialoge/ehrenfelder-raddialog/starke-radwegsschaeden
12053,E1476,3,Durch die Wurzeln ist der Boden sehr uneben.,premise,text,CD_C,https://www.raddialog-ehrenfeld.koeln/dialoge/ehrenfelder-raddialog/starke-radwegsschaeden
12054,E1476,4,"Nachts ist es hier so dunkel, dass man die Bodenunebenheiten nicht mal sieht.",premise,text,CD_C,https://www.raddialog-ehrenfeld.koeln/dialoge/ehrenfelder-raddialog/starke-radwegsschaeden
12055,E1476,5,"Selbst wenn man weiß, dass sie da sind, muss man höllisch aufpassen,",premise,text,CD_C,https://www.raddialog-ehrenfeld.koeln/dialoge/ehrenfelder-raddialog/starke-radwegsschaeden
12056,E1477,1,Venloer Str. zw. Innerer und Gürtel als Einbahnstr.,mpos,title,CD_C,https://www.raddialog-ehrenfeld.koeln/dialoge/ehrenfelder-raddialog/venloer-str-zw-innerer-und-guertel-als-einbahnstr
12057,E1477,2,"Die Venloer Str. sollte zwischen Innerer Kanalstr. und Gürtel als Einbahnstr. den Bürgern, Fußgängern und Radfahrern zurückgegeben werden.",mpos,text,CD_C,https://www.raddialog-ehrenfeld.koeln/dialoge/ehrenfelder-raddialog/venloer-str-zw-innerer-und-guertel-als-einbahnstr
12058,E1477,3,Die andere Fahrspur könnte über die Vogelsanger Str. verlaufen,mpos,text,CD_C,https://www.raddialog-ehrenfeld.koeln/dialoge/ehrenfelder-raddialog/venloer-str-zw-innerer-und-guertel-als-einbahnstr
12059,E1478,1,Konflikte mit Fußgängern,premise,title,CD_C,https://www.raddialog-ehrenfeld.koeln/dialoge/ehrenfelder-raddialog/konflikte-mit-fussgaengern
12060,E1478,2,Nach Querung des Gürtels wird der Radverkehr hier vor [Name des Schnellrestaurants] noch ein Stück auf dem Gehweg geführt und dann auf den Schutzstreifen auf die Straße übergeleitet.,premise,text,CD_C,https://www.raddialog-ehrenfeld.koeln/dialoge/ehrenfelder-raddialog/konflikte-mit-fussgaengern
12061,E1478,3,Diese kleine Stück Radweg auf dem Gehweg führt aber wegen der hohen Anzahl Fußgängern an der Stelle immer wieder zu Konflikten.,premise,text,CD_C,https://www.raddialog-ehrenfeld.koeln/dialoge/ehrenfelder-raddialog/konflikte-mit-fussgaengern
12062,E1479,1,fehlende Abstellmöglichkeiten,premise,title,CD_C,https://www.raddialog-ehrenfeld.koeln/dialoge/ehrenfelder-raddialog/fehlende-abstellmoeglichkeiten-1
12063,E1479,2,Vor der Turnhalle der Schule fehlen sichere Fahrradabstellmöglichkeiten,premise,text,CD_C,https://www.raddialog-ehrenfeld.koeln/dialoge/ehrenfelder-raddialog/fehlende-abstellmoeglichkeiten-1
12064,E1480,1,fehlende Abstellmöglichkeiten,premise,title,CD_C,https://www.raddialog-ehrenfeld.koeln/dialoge/ehrenfelder-raddialog/fehlende-abstellmoeglichkeiten-0
12065,E1480,2,fehlende Fahrradabstellmöglichkeiten vor dem neuen [Biomarkt],premise,text,CD_C,https://www.raddialog-ehrenfeld.koeln/dialoge/ehrenfelder-raddialog/fehlende-abstellmoeglichkeiten-0
12066,E1481,1,fehlende Abstellmöglichkeiten,premise,title,CD_C,https://www.raddialog-ehrenfeld.koeln/dialoge/ehrenfelder-raddialog/fehlende-abstellmoeglichkeiten
12067,E1481,2,fehlende Fahrradabstellmöglichkeiten vor [Name des Biomarkts],premise,text,CD_C,https://www.raddialog-ehrenfeld.koeln/dialoge/ehrenfelder-raddialog/fehlende-abstellmoeglichkeiten
12068,E1482,1,Schutzstreifen / Rechtsabbiegespur,non-arg,title,CD_C,https://www.raddialog-ehrenfeld.koeln/dialoge/ehrenfelder-raddialog/schutzstreifen-rechtsabbiegespur
12069,E1482,2,"Richtung Innenstadt fahrend kommt es im Bereich Fuchsstr. immer wieder zu gefährlichen Situationen mit Autofahrern die auf die dort beginnende Rechtsabbiegespur wollen, während gleichzeitig der Radverkehr der geradeaus will hier nach links neben den Rechtsabbieger wechseln muss.",premise,text,CD_C,https://www.raddialog-ehrenfeld.koeln/dialoge/ehrenfelder-raddialog/schutzstreifen-rechtsabbiegespur
12070,E1482,3,Da es bekanntermaßen in Köln leider keinerlei Verkehrsmoral mehr gibt wird man hier als Radfahrer regelmäßig gefährdet.,premise,text,CD_C,https://www.raddialog-ehrenfeld.koeln/dialoge/ehrenfelder-raddialog/schutzstreifen-rechtsabbiegespur
12071,E1483,1,Schutzstreifen an der Haltestelle Liebigstr.,non-arg,title,CD_C,https://www.raddialog-ehrenfeld.koeln/dialoge/ehrenfelder-raddialog/schutzstreifen-der-haltestelle-liebigstr
12072,E1483,2,Im Bereich der Haltestelle Liebigstr. stadtauswärts kommt es immer wieder zu Konfliktsituationen mit Autos die bei Rückstau zum Teil mit auf dem dem Schutzstreifen,premise,text,CD_C,https://www.raddialog-ehrenfeld.koeln/dialoge/ehrenfelder-raddialog/schutzstreifen-der-haltestelle-liebigstr
12073,E1483,3,Außerdem wird man hier ohne ausreichenden Sicherheitsabstand von den Autos überholt.,premise,text,CD_C,https://www.raddialog-ehrenfeld.koeln/dialoge/ehrenfelder-raddialog/schutzstreifen-der-haltestelle-liebigstr
12074,E1484,1,Radwegschäden,premise,title,CD_C,https://www.raddialog-ehrenfeld.koeln/dialoge/ehrenfelder-raddialog/radwegschaeden
12075,E1484,2,Der Radweg entlang der Inneren Kanalstr. ist zum Teil stark beschädigt,premise,text,CD_C,https://www.raddialog-ehrenfeld.koeln/dialoge/ehrenfelder-raddialog/radwegschaeden
12076,E1485,1,Fehlende Radwege / Problematik Einfahrt Gelände Barthonia-Forum / kurze Ampelschaltung,premise,title,CD_C,https://www.raddialog-ehrenfeld.koeln/dialoge/ehrenfelder-raddialog/fehlende-radwege-problematik-einfahrt-gelaende-barthonia-forum-kurze
12077,E1485,2,Auf der Vogelsanger Straße fehlen bislang Radwege.,premise,text,CD_C,https://www.raddialog-ehrenfeld.koeln/dialoge/ehrenfelder-raddialog/fehlende-radwege-problematik-einfahrt-gelaende-barthonia-forum-kurze
12078,E1485,3,Die Straße soll ja irgendwann nächstes Jahr (?) saniert werden.,premise,text,CD_C,https://www.raddialog-ehrenfeld.koeln/dialoge/ehrenfelder-raddialog/fehlende-radwege-problematik-einfahrt-gelaende-barthonia-forum-kurze
12079,E1485,4,"Bitte denken Sie daran, ausreichend Platz für Fahrradwege zu schaffen.",mpos,text,CD_C,https://www.raddialog-ehrenfeld.koeln/dialoge/ehrenfelder-raddialog/fehlende-radwege-problematik-einfahrt-gelaende-barthonia-forum-kurze
12080,E1485,5,"Ein weiteres Problem: Wer mit dem Fahrrad vom Barthonia-Forum auf die Straße fahren will (und umgekehrt), hat keinen Fahrradweg zur Verfügung und muss wegen der Ausfahrt aus der Tiefgarage höllisch aufpassen.",premise,text,CD_C,https://www.raddialog-ehrenfeld.koeln/dialoge/ehrenfelder-raddialog/fehlende-radwege-problematik-einfahrt-gelaende-barthonia-forum-kurze
12081,E1485,6,Eigentlich müssten doch auf einem solchen Gelände Fußgänger und Fahrradfahrer Vorrang haben?,mpos,text,CD_C,https://www.raddialog-ehrenfeld.koeln/dialoge/ehrenfelder-raddialog/fehlende-radwege-problematik-einfahrt-gelaende-barthonia-forum-kurze
12082,E1485,7,Außerdem ist die Linksabbieger-Ampel an der Ecke Barthonia-Forum/Vogelsanger Straße nur ganz kurz geschaltet.,premise,text,CD_C,https://www.raddialog-ehrenfeld.koeln/dialoge/ehrenfelder-raddialog/fehlende-radwege-problematik-einfahrt-gelaende-barthonia-forum-kurze
12083,E1485,8,"Und die Trasse zu eng, um neben den Autos mit dem Fahrrad auf der Fahrbahn zu stehen.",premise,text,CD_C,https://www.raddialog-ehrenfeld.koeln/dialoge/ehrenfelder-raddialog/fehlende-radwege-problematik-einfahrt-gelaende-barthonia-forum-kurze
12084,E1486,1,Öffnung für gegenläufigen Radverkehr,mpos,title,CD_C,https://www.raddialog-ehrenfeld.koeln/dialoge/ehrenfelder-raddialog/oeffnung-fuer-gegenlaeufigen-radverkehr
12085,E1486,2,Als dirkete Verbindung zum Bahnhof Ehrenfeld wird die Hüttenstraße - bislang rechtswiedrig - von vielen Fahrradfahrern auch gegen die Einbahnstraße befahren.,premise,text,CD_C,https://www.raddialog-ehrenfeld.koeln/dialoge/ehrenfelder-raddialog/oeffnung-fuer-gegenlaeufigen-radverkehr
12086,E1486,3,"Es ist sinnnvoll und sicherer, die Straße zu öffnen!",mpos,text,CD_C,https://www.raddialog-ehrenfeld.koeln/dialoge/ehrenfelder-raddialog/oeffnung-fuer-gegenlaeufigen-radverkehr
12087,E1487,1,Einbahnstraße Venloer Straße,mpos,title,CD_C,https://www.raddialog-ehrenfeld.koeln/dialoge/ehrenfelder-raddialog/einbahnstrasse-venloer-strasse
12088,E1487,2,Ich würde die Venloer Straße ab aüßere Kanalstraße Richtung Innenstadt in eine Einbahnstraße umwandeln und die Radwege von den Fußwegen auf die Straße verlegen,mpos,text,CD_C,https://www.raddialog-ehrenfeld.koeln/dialoge/ehrenfelder-raddialog/einbahnstrasse-venloer-strasse
12089,E1488,1,Gefahrenstelle,premise,title,CD_C,https://www.raddialog-ehrenfeld.koeln/dialoge/ehrenfelder-raddialog/gefahrenstelle
12090,E1488,2,An der Venloer Strasse in Höhe des Bezirksrathauses ist eine stark genutzte Fußgängerampel.,premise,text,CD_C,https://www.raddialog-ehrenfeld.koeln/dialoge/ehrenfelder-raddialog/gefahrenstelle
12091,E1488,3,"Dort kommt es regelmäßig zu Konflikten mit Radfahrern, da Radfahrer Vorfahrt haben, Fußgänger dies nicht wissen und leider meist auf keiner Seite Einsicht herrscht.",premise,text,CD_C,https://www.raddialog-ehrenfeld.koeln/dialoge/ehrenfelder-raddialog/gefahrenstelle
12092,E1488,4,"Kurzfristig könnte es vielleicht helfen, wenn man auf dem Radweg auf jeder Seite ein fettes Fahrradpiktogramm mit Ausrufezeichen anbringt oder einen Hinweis Achtung Radfahrer o.ä..",mpos,text,CD_C,https://www.raddialog-ehrenfeld.koeln/dialoge/ehrenfelder-raddialog/gefahrenstelle
12093,E1488,5,Dann wären zumindest die Fußgänger gewarnt.,mpos,text,CD_C,https://www.raddialog-ehrenfeld.koeln/dialoge/ehrenfelder-raddialog/gefahrenstelle
12094,E1488,6,Dauerhaft muss der Radweg auf die Straße.,mpos,text,CD_C,https://www.raddialog-ehrenfeld.koeln/dialoge/ehrenfelder-raddialog/gefahrenstelle
12101,E1491,1,Venloer Strasse Ehrenfeld,non-arg,title,CD_C,https://www.raddialog-ehrenfeld.koeln/dialoge/ehrenfelder-raddialog/venloer-strasse-ehrenfeld
12102,E1491,2,"Ich bin morgens gegen 8:30 Uhr abends gegen 18:00 Uhr mit meinem Fahrrad unterwegs und mache den Vorschlag, die Venloer Strasse von der Moschee bis Ehrenfeldgürtel als Einbahnstrasse umzuwandeln.",mpos,text,CD_C,https://www.raddialog-ehrenfeld.koeln/dialoge/ehrenfelder-raddialog/venloer-strasse-ehrenfeld
12103,E1491,3,Bitte beobachen Sie mal zu diesen Zeiten diesen Abschnitt.,mpos,text,CD_C,https://www.raddialog-ehrenfeld.koeln/dialoge/ehrenfelder-raddialog/venloer-strasse-ehrenfeld
12104,E1491,4,"Autofahrer, Radfahrer (langsame und Rennradfahrer), Fussgänger, Lieferantenfahrzeuge, Parkende Autos auf der Strasse... und fast jeder besteht auf sein Recht.",premise,text,CD_C,https://www.raddialog-ehrenfeld.koeln/dialoge/ehrenfelder-raddialog/venloer-strasse-ehrenfeld
12105,E1491,5,"Ein eigener Fahrradweg existiert zwar, allerdings befindet er sich auf der normalen Strasse, die dafür viel zu eng ist.",premise,text,CD_C,https://www.raddialog-ehrenfeld.koeln/dialoge/ehrenfelder-raddialog/venloer-strasse-ehrenfeld
12106,E1491,6,Hier ist wirklich Handlungsbedarf!!!!,premise,text,CD_C,https://www.raddialog-ehrenfeld.koeln/dialoge/ehrenfelder-raddialog/venloer-strasse-ehrenfeld
12107,E1491,7,Danke für die tolle Aktion.,non-arg,text,CD_C,https://www.raddialog-ehrenfeld.koeln/dialoge/ehrenfelder-raddialog/venloer-strasse-ehrenfeld
12108,E1491,8,Hoffentlich fruchtet auch was...,non-arg,text,CD_C,https://www.raddialog-ehrenfeld.koeln/dialoge/ehrenfelder-raddialog/venloer-strasse-ehrenfeld
12109,E1491,9,"Viele Grüße, [Name entfernt]",non-arg,text,CD_C,https://www.raddialog-ehrenfeld.koeln/dialoge/ehrenfelder-raddialog/venloer-strasse-ehrenfeld
12116,E1493,1,Radverkehrsführung,non-arg,title,CD_C,https://www.raddialog-ehrenfeld.koeln/dialoge/ehrenfelder-raddialog/radverkehrsfuehrung
12117,E1493,2,Weinsbergstraße stadtauswärts zwischen Geisselstraße und Fröbelstraße Radweg wurde leider bei der schönen breiten Gehwegfläche entfernt.,premise,text,CD_C,https://www.raddialog-ehrenfeld.koeln/dialoge/ehrenfelder-raddialog/radverkehrsfuehrung
12118,E1493,3,Es fehlt ein Fahrradschutzstreifen auf der Fahrbahn,mpos,text,CD_C,https://www.raddialog-ehrenfeld.koeln/dialoge/ehrenfelder-raddialog/radverkehrsfuehrung
